{"stats":{"minecraft:picked_up":{"minecraft:stick":2,"minecraft:crafting_table":8,"minecraft:splash_potion":1,"minecraft:wooden_pickaxe":1,"minecraft:sand":3,"minecraft:spruce_log":16,"minecraft:string":6,"minecraft:red_bed":2,"minecraft:dirt":35,"minecraft:wooden_sword":1,"minecraft:stone_sword":3,"minecraft:white_carpet":6,"minecraft:rotten_flesh":3,"minecraft:stone_axe":1,"minecraft:spruce_planks":1,"minecraft:coal":6,"minecraft:snowball":20,"minecraft:cobblestone":37},"minecraft:killed_by":{"minecraft:zombie":1},"minecraft:killed":{"minecraft:zombie":2,"minecraft:spider":2},"minecraft:mined":{"minecraft:red_bed":2,"minecraft:white_carpet":3,"minecraft:spruce_log":16,"minecraft:crafting_table":4,"minecraft:grass_block":2,"minecraft:coal_ore":5,"minecraft:dirt":12,"minecraft:spruce_leaves":4,"minecraft:stone":31},"minecraft:custom":{"minecraft:time_since_rest":148,"minecraft:sprint_one_cm":66068,"minecraft:damage_absorbed":40,"minecraft:damage_taken":518,"minecraft:walk_one_cm":14328,"minecraft:mob_kills":4,"minecraft:damage_dealt":868,"minecraft:interact_with_crafting_table":15,"minecraft:swim_one_cm":5851,"minecraft:fly_one_cm":84955,"minecraft:open_chest":6,"minecraft:crouch_one_cm":1773,"minecraft:play_time":16874,"minecraft:deaths":1,"minecraft:sneak_time":1027,"minecraft:walk_under_water_one_cm":476,"minecraft:jump":349,"minecraft:interact_with_brewingstand":4,"minecraft:walk_on_water_one_cm":3732,"minecraft:time_since_death":2200,"minecraft:sleep_in_bed":2,"minecraft:climb_one_cm":3359,"minecraft:total_world_time":16874,"minecraft:fall_one_cm":11013},"minecraft:used":{"minecraft:apple":3,"minecraft:stone_sword":18,"minecraft:stone_pickaxe":31,"minecraft:wooden_pickaxe":7,"minecraft:stone_axe":14,"minecraft:golden_apple":1,"minecraft:cobblestone":13,"minecraft:white_carpet":3,"minecraft:crafting_table":4,"minecraft:red_bed":2},"minecraft:crafted":{"minecraft:wooden_sword":1,"minecraft:crafting_table":4,"minecraft:spruce_planks":36,"minecraft:stick":12,"minecraft:wooden_pickaxe":1,"minecraft:stone_pickaxe":1,"minecraft:stone_sword":3,"minecraft:stone_axe":1}},"DataVersion":2975}