{"stats":{"minecraft:picked_up":{"minecraft:crafting_table":33,"minecraft:splash_potion":5,"minecraft:chicken":1,"minecraft:andesite":11,"minecraft:leather":2,"minecraft:wooden_pickaxe":5,"minecraft:oak_log":6,"minecraft:dirt":62,"minecraft:string":24,"minecraft:red_bed":13,"minecraft:wooden_sword":3,"minecraft:white_carpet":6,"minecraft:red_carpet":6,"minecraft:bone":8,"minecraft:kelp":22,"minecraft:cobbled_deepslate":26,"minecraft:spruce_planks":105,"minecraft:beef":8,"minecraft:iron_ingot":4,"minecraft:stone_pickaxe":2,"minecraft:sugar_cane":6,"minecraft:oak_planks":19,"minecraft:furnace":9,"minecraft:stick":6,"minecraft:raw_iron":37,"minecraft:pumpkin":2,"minecraft:torch":6,"minecraft:porkchop":3,"minecraft:sand":16,"minecraft:diorite":6,"minecraft:spruce_log":40,"minecraft:stone_sword":13,"minecraft:arrow":2,"minecraft:diamond":10,"minecraft:rotten_flesh":15,"minecraft:spruce_boat":7,"minecraft:stone_axe":5,"minecraft:granite":8,"minecraft:mutton":9,"minecraft:coal":21,"minecraft:iron_bars":10,"minecraft:snowball":40,"minecraft:white_wool":6,"minecraft:cobblestone":214},"minecraft:killed_by":{"minecraft:stray":1,"minecraft:zombie":2},"minecraft:killed":{"minecraft:pig":1,"minecraft:zombie_villager":1,"minecraft:rabbit":2,"minecraft:spider":5,"minecraft:sheep":8,"minecraft:skeleton":2,"minecraft:zombie":8,"minecraft:chicken":1,"minecraft:stray":1,"minecraft:villager":1,"minecraft:cow":4},"minecraft:mined":{"minecraft:diamond_ore":3,"minecraft:red_carpet":2,"minecraft:red_bed":13,"minecraft:deepslate_diamond_ore":7,"minecraft:kelp_plant":4,"minecraft:powder_snow":12,"minecraft:crafting_table":13,"minecraft:granite":8,"minecraft:grass_block":3,"minecraft:tall_grass":2,"minecraft:spruce_leaves":7,"minecraft:oak_planks":2,"minecraft:sugar_cane":3,"minecraft:diorite":3,"minecraft:wall_torch":2,"minecraft:seagrass":1,"minecraft:tall_seagrass":1,"minecraft:furnace":7,"minecraft:iron_ore":26,"minecraft:white_carpet":3,"minecraft:spruce_log":28,"minecraft:andesite":11,"minecraft:pumpkin":1,"minecraft:grass":7,"minecraft:oak_log":6,"minecraft:coal_ore":6,"minecraft:iron_bars":4,"minecraft:sand":1,"minecraft:dirt":16,"minecraft:cobweb":1,"minecraft:stone":143,"minecraft:deepslate":26},"minecraft:custom":{"minecraft:interact_with_furnace":160,"minecraft:mob_kills":34,"minecraft:interact_with_crafting_table":82,"minecraft:time_since_death":61049,"minecraft:sleep_in_bed":9,"minecraft:climb_one_cm":6777,"minecraft:time_since_rest":47152,"minecraft:sprint_one_cm":313659,"minecraft:walk_one_cm":87325,"minecraft:damage_taken":2346,"minecraft:damage_absorbed":40,"minecraft:damage_blocked_by_shield":300,"minecraft:drop":7,"minecraft:damage_dealt":4887,"minecraft:swim_one_cm":39772,"minecraft:talked_to_villager":33,"minecraft:fly_one_cm":383523,"minecraft:open_chest":18,"minecraft:crouch_one_cm":8228,"minecraft:play_time":106874,"minecraft:deaths":5,"minecraft:sneak_time":5053,"minecraft:walk_under_water_one_cm":8780,"minecraft:boat_one_cm":485091,"minecraft:interact_with_brewingstand":7,"minecraft:jump":2026,"minecraft:walk_on_water_one_cm":14680,"minecraft:total_world_time":106874,"minecraft:fall_one_cm":59467},"minecraft:dropped":{"minecraft:kelp":13,"minecraft:stone_sword":1,"minecraft:cobblestone":12,"minecraft:leather":2,"minecraft:diorite":3,"minecraft:wooden_pickaxe":1},"minecraft:used":{"minecraft:cooked_mutton":2,"minecraft:iron_bars":1,"minecraft:stone_sword":92,"minecraft:stone_pickaxe":217,"minecraft:dried_kelp":4,"minecraft:oak_planks":2,"minecraft:shield":11,"minecraft:spruce_planks":1,"minecraft:wooden_pickaxe":17,"minecraft:rotten_flesh":15,"minecraft:golden_apple":1,"minecraft:dirt":22,"minecraft:sand":1,"minecraft:white_carpet":3,"minecraft:crafting_table":13,"minecraft:red_bed":12,"minecraft:snowball":20,"minecraft:spruce_boat":6,"minecraft:apple":3,"minecraft:iron_pickaxe":16,"minecraft:diamond_sword":36,"minecraft:stone_axe":72,"minecraft:cobblestone":98,"minecraft:furnace":6,"minecraft:andesite":5,"minecraft:cooked_beef":8},"minecraft:broken":{"minecraft:stone_pickaxe":1},"minecraft:crafted":{"minecraft:cooked_beef":8,"minecraft:wooden_sword":1,"minecraft:oak_planks":24,"minecraft:diamond_sword":1,"minecraft:crafting_table":4,"minecraft:spruce_planks":84,"minecraft:dried_kelp":4,"minecraft:wooden_pickaxe":1,"minecraft:stone_axe":1,"minecraft:cooked_mutton":9,"minecraft:air":0,"minecraft:diamond_helmet":1,"minecraft:iron_chestplate":1,"minecraft:iron_boots":1,"minecraft:shield":1,"minecraft:stick":20,"minecraft:iron_ingot":23,"minecraft:iron_pickaxe":1,"minecraft:stone_pickaxe":3,"minecraft:stone_sword":3,"minecraft:iron_leggings":1,"minecraft:spruce_boat":1}},"DataVersion":2975}