{"stats":{"minecraft:picked_up":{"minecraft:crafting_table":18,"minecraft:splash_potion":3,"minecraft:andesite":5,"minecraft:wooden_pickaxe":3,"minecraft:dirt":57,"minecraft:string":13,"minecraft:red_bed":6,"minecraft:wooden_sword":3,"minecraft:white_carpet":6,"minecraft:red_carpet":2,"minecraft:bone":4,"minecraft:spruce_planks":1,"minecraft:furnace":2,"minecraft:stick":6,"minecraft:raw_iron":1,"minecraft:torch":2,"minecraft:sand":10,"minecraft:spruce_log":16,"minecraft:stone_sword":9,"minecraft:rotten_flesh":15,"minecraft:stone_axe":3,"minecraft:coal":12,"minecraft:iron_bars":4,"minecraft:snowball":40,"minecraft:cobblestone":45},"minecraft:killed_by":{"minecraft:stray":1,"minecraft:zombie":2},"minecraft:killed":{"minecraft:zombie_villager":1,"minecraft:rabbit":2,"minecraft:spider":2,"minecraft:zombie":6,"minecraft:stray":1,"minecraft:villager":1},"minecraft:mined":{"minecraft:red_carpet":2,"minecraft:red_bed":6,"minecraft:crafting_table":6,"minecraft:grass_block":2,"minecraft:spruce_leaves":4,"minecraft:wall_torch":2,"minecraft:furnace":2,"minecraft:iron_ore":1,"minecraft:white_carpet":3,"minecraft:spruce_log":16,"minecraft:andesite":5,"minecraft:grass":1,"minecraft:coal_ore":5,"minecraft:iron_bars":4,"minecraft:sand":1,"minecraft:dirt":12,"minecraft:cobweb":1,"minecraft:stone":34},"minecraft:custom":{"minecraft:interact_with_furnace":6,"minecraft:mob_kills":13,"minecraft:interact_with_crafting_table":21,"minecraft:time_since_death":6275,"minecraft:sleep_in_bed":6,"minecraft:climb_one_cm":6777,"minecraft:time_since_rest":6313,"minecraft:sprint_one_cm":111350,"minecraft:walk_one_cm":36892,"minecraft:damage_taken":1133,"minecraft:damage_absorbed":40,"minecraft:damage_dealt":2519,"minecraft:swim_one_cm":5851,"minecraft:talked_to_villager":33,"minecraft:fly_one_cm":125738,"minecraft:open_chest":9,"minecraft:crouch_one_cm":3865,"minecraft:play_time":28874,"minecraft:deaths":3,"minecraft:sneak_time":1465,"minecraft:walk_under_water_one_cm":476,"minecraft:interact_with_brewingstand":7,"minecraft:jump":589,"minecraft:walk_on_water_one_cm":3732,"minecraft:total_world_time":28874,"minecraft:fall_one_cm":17972},"minecraft:used":{"minecraft:iron_bars":1,"minecraft:stone_sword":57,"minecraft:stone_pickaxe":36,"minecraft:spruce_planks":1,"minecraft:wooden_pickaxe":17,"minecraft:rotten_flesh":11,"minecraft:golden_apple":1,"minecraft:dirt":6,"minecraft:sand":1,"minecraft:white_carpet":3,"minecraft:crafting_table":6,"minecraft:red_bed":6,"minecraft:snowball":20,"minecraft:apple":3,"minecraft:stone_axe":35,"minecraft:cobblestone":13,"minecraft:furnace":1,"minecraft:andesite":5},"minecraft:crafted":{"minecraft:wooden_sword":1,"minecraft:crafting_table":4,"minecraft:spruce_planks":36,"minecraft:wooden_pickaxe":1,"minecraft:stone_axe":1,"minecraft:air":0,"minecraft:stick":12,"minecraft:iron_ingot":1,"minecraft:stone_pickaxe":2,"minecraft:stone_sword":3}},"DataVersion":2975}