{"stats":{"minecraft:picked_up":{"minecraft:crafting_table":46,"minecraft:splash_potion":5,"minecraft:chicken":1,"minecraft:diamond_sword":1,"minecraft:wooden_pickaxe":5,"minecraft:shield":2,"minecraft:string":24,"minecraft:red_bed":20,"minecraft:wooden_sword":3,"minecraft:white_carpet":11,"minecraft:iron_shovel":1,"minecraft:diamond_leggings":1,"minecraft:cobbled_deepslate":621,"minecraft:spruce_planks":131,"minecraft:beef":8,"minecraft:iron_pickaxe":2,"minecraft:sugar_cane":6,"minecraft:furnace":10,"minecraft:sandstone":18,"minecraft:stick":11,"minecraft:raw_iron":37,"minecraft:torch":20,"minecraft:porkchop":11,"minecraft:diorite":13,"minecraft:arrow":7,"minecraft:stone_sword":13,"minecraft:diamond_chestplate":2,"minecraft:rotten_flesh":20,"minecraft:diamond_boots":2,"minecraft:polished_blackstone":1,"minecraft:mutton":12,"minecraft:iron_bars":10,"minecraft:snowball":156,"minecraft:white_wool":8,"minecraft:cobblestone":267,"minecraft:salmon":1,"minecraft:andesite":24,"minecraft:leather":5,"minecraft:flint":5,"minecraft:tuff":79,"minecraft:oak_log":6,"minecraft:nether_wart_block":2,"minecraft:dirt":74,"minecraft:red_carpet":8,"minecraft:bone":19,"minecraft:kelp":22,"minecraft:wheat_seeds":3,"minecraft:stone_pickaxe":4,"minecraft:iron_ingot":4,"minecraft:diamond_helmet":1,"minecraft:oak_planks":19,"minecraft:pumpkin":2,"minecraft:gravel":34,"minecraft:sand":121,"minecraft:stripped_spruce_log":1,"minecraft:spruce_log":52,"minecraft:spruce_door":1,"minecraft:spider_eye":3,"minecraft:diamond":102,"minecraft:spruce_boat":13,"minecraft:stone_axe":6,"minecraft:lever":28,"minecraft:granite":8,"minecraft:baked_potato":10,"minecraft:coal":21,"minecraft:diamond_pickaxe":3},"minecraft:killed_by":{"minecraft:ghast":2,"minecraft:player":1,"minecraft:stray":1,"minecraft:piglin":1,"minecraft:zombie":2},"minecraft:killed":{"minecraft:spider":10,"minecraft:skeleton":6,"minecraft:chicken":1,"minecraft:drowned":5,"minecraft:pig":2,"minecraft:zombie_villager":1,"minecraft:salmon":2,"minecraft:rabbit":2,"minecraft:hoglin":2,"minecraft:creeper":1,"minecraft:sheep":10,"minecraft:zombie":15,"minecraft:stray":1,"minecraft:villager":1,"minecraft:cow":5},"minecraft:mined":{"minecraft:diamond_ore":3,"minecraft:red_carpet":2,"minecraft:tuff":75,"minecraft:deepslate_diamond_ore":82,"minecraft:granite":17,"minecraft:grass_block":3,"minecraft:spruce_leaves":14,"minecraft:sandstone":545,"minecraft:tall_seagrass":1,"minecraft:furnace":7,"minecraft:iron_ore":26,"minecraft:cobbled_deepslate":86,"minecraft:snow":5,"minecraft:andesite":24,"minecraft:stripped_spruce_log":1,"minecraft:pumpkin":1,"minecraft:iron_bars":4,"minecraft:packed_ice":2,"minecraft:stone":215,"minecraft:red_bed":17,"minecraft:kelp_plant":4,"minecraft:spruce_door":1,"minecraft:powder_snow":12,"minecraft:crafting_table":22,"minecraft:torch":10,"minecraft:tall_grass":2,"minecraft:cobblestone":1,"minecraft:sugar_cane":3,"minecraft:oak_planks":2,"minecraft:diorite":10,"minecraft:wall_torch":4,"minecraft:seagrass":1,"minecraft:nether_wart_block":2,"minecraft:ice":7,"minecraft:sweet_berry_bush":9,"minecraft:white_carpet":3,"minecraft:spruce_log":41,"minecraft:grass":8,"minecraft:oak_log":6,"minecraft:coal_ore":6,"minecraft:gravel":34,"minecraft:sand":117,"minecraft:dirt":16,"minecraft:cobweb":1,"minecraft:fern":1,"minecraft:deepslate":488},"minecraft:custom":{"minecraft:interact_with_anvil":3,"minecraft:mob_kills":66,"minecraft:inspect_hopper":3,"minecraft:interact_with_crafting_table":135,"minecraft:leave_game":3,"minecraft:time_since_death":148138,"minecraft:climb_one_cm":6777,"minecraft:sprint_one_cm":702595,"minecraft:walk_one_cm":250451,"minecraft:damage_blocked_by_shield":2473,"minecraft:drop":58,"minecraft:talked_to_villager":33,"minecraft:play_time":288485,"minecraft:deaths":10,"minecraft:sneak_time":9375,"minecraft:walk_under_water_one_cm":28177,"minecraft:boat_one_cm":686440,"minecraft:jump":4167,"minecraft:interact_with_brewingstand":7,"minecraft:walk_on_water_one_cm":24294,"minecraft:enchant_item":5,"minecraft:total_world_time":288485,"minecraft:interact_with_furnace":193,"minecraft:sleep_in_bed":16,"minecraft:time_since_rest":39408,"minecraft:damage_taken":5404,"minecraft:damage_absorbed":40,"minecraft:damage_dealt":10802,"minecraft:swim_one_cm":92287,"minecraft:fly_one_cm":777448,"minecraft:open_chest":157,"minecraft:crouch_one_cm":11991,"minecraft:fall_one_cm":108591},"minecraft:dropped":{"minecraft:iron_ingot":22,"minecraft:wheat_seeds":3,"minecraft:diamond_axe":1,"minecraft:lapis_lazuli":61,"minecraft:glass_bottle":1,"minecraft:diamond":15,"minecraft:diamond_leggings":1,"minecraft:cobblestone":12,"minecraft:leather":3,"minecraft:red_carpet":2,"minecraft:stick":9,"minecraft:flint":3,"minecraft:dirt":12,"minecraft:diorite":3,"minecraft:wooden_axe":1,"minecraft:snowball":68,"minecraft:diamond_helmet":1,"minecraft:pumpkin":1,"minecraft:sand":39,"minecraft:iron_shovel":1,"minecraft:string":6,"minecraft:bone":6,"minecraft:gravel":10,"minecraft:sweet_berries":4,"minecraft:kelp":13,"minecraft:stone_sword":1,"minecraft:cobbled_deepslate":9,"minecraft:tuff":5,"minecraft:rotten_flesh":4,"minecraft:filled_map":2,"minecraft:diamond_chestplate":1,"minecraft:spruce_planks":4,"minecraft:diamond_pickaxe":2,"minecraft:diamond_boots":1,"minecraft:sandstone":18,"minecraft:arrow":5,"minecraft:wooden_pickaxe":1},"minecraft:used":{"minecraft:stone_sword":92,"minecraft:iron_bars":1,"minecraft:iron_shovel":115,"minecraft:dried_kelp":4,"minecraft:spruce_planks":1,"minecraft:shield":50,"minecraft:rotten_flesh":16,"minecraft:torch":12,"minecraft:dirt":22,"minecraft:white_carpet":3,"minecraft:diamond_helmet":1,"minecraft:tuff":74,"minecraft:snowball":42,"minecraft:spruce_boat":12,"minecraft:iron_axe":2,"minecraft:diamond_chestplate":2,"minecraft:sweet_berries":58,"minecraft:furnace":6,"minecraft:cooked_beef":15,"minecraft:cobbled_deepslate":229,"minecraft:cooked_mutton":10,"minecraft:diamond_boots":2,"minecraft:spruce_door":1,"minecraft:baked_potato":10,"minecraft:oak_planks":2,"minecraft:stone_pickaxe":307,"minecraft:wooden_pickaxe":17,"minecraft:diamond_axe":27,"minecraft:golden_apple":1,"minecraft:sand":1,"minecraft:crafting_table":23,"minecraft:red_bed":20,"minecraft:diamond_pickaxe":1121,"minecraft:apple":8,"minecraft:iron_pickaxe":184,"minecraft:gravel":4,"minecraft:stone_axe":83,"minecraft:nether_wart_block":2,"minecraft:diamond_sword":152,"minecraft:potion":1,"minecraft:cobblestone":160,"minecraft:porkchop":3,"minecraft:andesite":13,"minecraft:diamond_leggings":1},"minecraft:broken":{"minecraft:stone_pickaxe":1},"minecraft:crafted":{"minecraft:wooden_sword":1,"minecraft:oak_planks":24,"minecraft:cooked_mutton":11,"minecraft:diamond_helmet":3,"minecraft:diamond_leggings":3,"minecraft:iron_boots":1,"minecraft:iron_axe":1,"minecraft:stone_pickaxe":3,"minecraft:diamond_boots":3,"minecraft:spruce_boat":2,"minecraft:cooked_beef":15,"minecraft:diamond_sword":2,"minecraft:diamond_axe":1,"minecraft:crafting_table":5,"minecraft:spruce_planks":132,"minecraft:dried_kelp":4,"minecraft:wooden_pickaxe":1,"minecraft:spruce_door":3,"minecraft:stone_axe":1,"minecraft:air":0,"minecraft:iron_chestplate":1,"minecraft:diamond_pickaxe":1,"minecraft:shield":3,"minecraft:stick":28,"minecraft:iron_ingot":23,"minecraft:iron_pickaxe":1,"minecraft:stone_sword":3,"minecraft:iron_shovel":1,"minecraft:iron_leggings":1,"minecraft:torch":4,"minecraft:diamond_chestplate":3}},"DataVersion":2975}