{"stats":{"minecraft:picked_up":{"minecraft:crafting_table":23,"minecraft:splash_potion":4,"minecraft:andesite":5,"minecraft:wooden_pickaxe":4,"minecraft:dirt":57,"minecraft:string":17,"minecraft:red_bed":8,"minecraft:wooden_sword":3,"minecraft:white_carpet":6,"minecraft:red_carpet":4,"minecraft:bone":6,"minecraft:spruce_planks":1,"minecraft:iron_ingot":1,"minecraft:stone_pickaxe":1,"minecraft:sugar_cane":3,"minecraft:furnace":3,"minecraft:stick":6,"minecraft:raw_iron":13,"minecraft:torch":4,"minecraft:sand":13,"minecraft:spruce_log":40,"minecraft:stone_sword":11,"minecraft:rotten_flesh":15,"minecraft:stone_axe":4,"minecraft:granite":8,"minecraft:coal":17,"minecraft:iron_bars":7,"minecraft:snowball":40,"minecraft:cobblestone":98},"minecraft:killed_by":{"minecraft:stray":1,"minecraft:zombie":2},"minecraft:killed":{"minecraft:zombie_villager":1,"minecraft:rabbit":2,"minecraft:spider":2,"minecraft:zombie":6,"minecraft:stray":1,"minecraft:villager":1},"minecraft:mined":{"minecraft:red_carpet":2,"minecraft:red_bed":8,"minecraft:crafting_table":7,"minecraft:granite":8,"minecraft:grass_block":2,"minecraft:spruce_leaves":7,"minecraft:sugar_cane":1,"minecraft:wall_torch":2,"minecraft:furnace":2,"minecraft:iron_ore":8,"minecraft:white_carpet":3,"minecraft:spruce_log":28,"minecraft:andesite":5,"minecraft:grass":2,"minecraft:coal_ore":6,"minecraft:iron_bars":4,"minecraft:sand":1,"minecraft:dirt":12,"minecraft:cobweb":1,"minecraft:stone":58},"minecraft:custom":{"minecraft:interact_with_furnace":6,"minecraft:mob_kills":13,"minecraft:interact_with_crafting_table":27,"minecraft:time_since_death":5073,"minecraft:sleep_in_bed":7,"minecraft:climb_one_cm":6777,"minecraft:time_since_rest":678,"minecraft:sprint_one_cm":137424,"minecraft:walk_one_cm":49316,"minecraft:damage_taken":1433,"minecraft:damage_absorbed":40,"minecraft:damage_dealt":2519,"minecraft:swim_one_cm":5851,"minecraft:talked_to_villager":33,"minecraft:fly_one_cm":161273,"minecraft:open_chest":9,"minecraft:crouch_one_cm":7617,"minecraft:play_time":40874,"minecraft:deaths":4,"minecraft:sneak_time":3303,"minecraft:walk_under_water_one_cm":476,"minecraft:boat_one_cm":108227,"minecraft:interact_with_brewingstand":7,"minecraft:jump":885,"minecraft:walk_on_water_one_cm":3732,"minecraft:total_world_time":40874,"minecraft:fall_one_cm":30331},"minecraft:used":{"minecraft:iron_bars":1,"minecraft:stone_sword":57,"minecraft:stone_pickaxe":77,"minecraft:spruce_planks":1,"minecraft:wooden_pickaxe":17,"minecraft:rotten_flesh":15,"minecraft:golden_apple":1,"minecraft:dirt":22,"minecraft:sand":1,"minecraft:white_carpet":3,"minecraft:crafting_table":7,"minecraft:red_bed":8,"minecraft:snowball":20,"minecraft:spruce_boat":1,"minecraft:apple":3,"minecraft:stone_axe":52,"minecraft:cobblestone":13,"minecraft:furnace":1,"minecraft:andesite":5},"minecraft:crafted":{"minecraft:wooden_sword":1,"minecraft:crafting_table":4,"minecraft:spruce_planks":84,"minecraft:wooden_pickaxe":1,"minecraft:stone_axe":1,"minecraft:air":0,"minecraft:stick":12,"minecraft:iron_ingot":1,"minecraft:stone_pickaxe":2,"minecraft:stone_sword":3,"minecraft:spruce_boat":1}},"DataVersion":2975}