{"stats":{"minecraft:picked_up":{"minecraft:crafting_table":46,"minecraft:splash_potion":5,"minecraft:chicken":1,"minecraft:diamond_sword":1,"minecraft:wooden_pickaxe":5,"minecraft:shield":2,"minecraft:string":24,"minecraft:red_bed":20,"minecraft:wooden_sword":3,"minecraft:white_carpet":11,"minecraft:diamond_leggings":1,"minecraft:cobbled_deepslate":621,"minecraft:spruce_planks":131,"minecraft:beef":8,"minecraft:iron_pickaxe":2,"minecraft:sugar_cane":6,"minecraft:furnace":10,"minecraft:stick":11,"minecraft:raw_iron":37,"minecraft:torch":15,"minecraft:porkchop":11,"minecraft:diorite":13,"minecraft:arrow":4,"minecraft:stone_sword":13,"minecraft:diamond_chestplate":2,"minecraft:rotten_flesh":16,"minecraft:diamond_boots":2,"minecraft:polished_blackstone":1,"minecraft:mutton":12,"minecraft:iron_bars":10,"minecraft:snowball":152,"minecraft:white_wool":8,"minecraft:cobblestone":251,"minecraft:salmon":1,"minecraft:andesite":24,"minecraft:leather":5,"minecraft:flint":5,"minecraft:tuff":79,"minecraft:oak_log":6,"minecraft:nether_wart_block":2,"minecraft:dirt":74,"minecraft:red_carpet":8,"minecraft:bone":9,"minecraft:kelp":22,"minecraft:wheat_seeds":3,"minecraft:stone_pickaxe":4,"minecraft:iron_ingot":4,"minecraft:diamond_helmet":1,"minecraft:oak_planks":19,"minecraft:pumpkin":2,"minecraft:gravel":34,"minecraft:sand":16,"minecraft:stripped_spruce_log":1,"minecraft:spruce_log":52,"minecraft:spruce_door":1,"minecraft:spider_eye":3,"minecraft:diamond":102,"minecraft:spruce_boat":8,"minecraft:stone_axe":6,"minecraft:lever":28,"minecraft:granite":8,"minecraft:baked_potato":10,"minecraft:coal":21,"minecraft:diamond_pickaxe":3},"minecraft:killed_by":{"minecraft:ghast":2,"minecraft:player":1,"minecraft:stray":1,"minecraft:piglin":1,"minecraft:zombie":2},"minecraft:killed":{"minecraft:spider":7,"minecraft:skeleton":2,"minecraft:chicken":1,"minecraft:drowned":5,"minecraft:pig":2,"minecraft:zombie_villager":1,"minecraft:salmon":2,"minecraft:rabbit":2,"minecraft:hoglin":2,"minecraft:sheep":10,"minecraft:zombie":9,"minecraft:stray":1,"minecraft:villager":1,"minecraft:cow":5},"minecraft:mined":{"minecraft:diamond_ore":3,"minecraft:red_carpet":2,"minecraft:tuff":75,"minecraft:deepslate_diamond_ore":82,"minecraft:granite":8,"minecraft:grass_block":3,"minecraft:spruce_leaves":14,"minecraft:tall_seagrass":1,"minecraft:furnace":7,"minecraft:iron_ore":26,"minecraft:cobbled_deepslate":86,"minecraft:andesite":24,"minecraft:stripped_spruce_log":1,"minecraft:pumpkin":1,"minecraft:iron_bars":4,"minecraft:stone":179,"minecraft:red_bed":17,"minecraft:kelp_plant":4,"minecraft:spruce_door":1,"minecraft:powder_snow":12,"minecraft:crafting_table":22,"minecraft:torch":7,"minecraft:tall_grass":2,"minecraft:cobblestone":1,"minecraft:sugar_cane":3,"minecraft:oak_planks":2,"minecraft:diorite":10,"minecraft:wall_torch":2,"minecraft:seagrass":1,"minecraft:nether_wart_block":2,"minecraft:ice":5,"minecraft:sweet_berry_bush":9,"minecraft:white_carpet":3,"minecraft:spruce_log":41,"minecraft:grass":8,"minecraft:oak_log":6,"minecraft:coal_ore":6,"minecraft:gravel":34,"minecraft:sand":1,"minecraft:dirt":16,"minecraft:cobweb":1,"minecraft:deepslate":488},"minecraft:custom":{"minecraft:interact_with_anvil":3,"minecraft:mob_kills":50,"minecraft:inspect_hopper":3,"minecraft:interact_with_crafting_table":130,"minecraft:leave_game":2,"minecraft:time_since_death":123203,"minecraft:climb_one_cm":6777,"minecraft:sprint_one_cm":625971,"minecraft:walk_one_cm":214091,"minecraft:damage_blocked_by_shield":2473,"minecraft:drop":44,"minecraft:talked_to_villager":33,"minecraft:play_time":263550,"minecraft:deaths":10,"minecraft:sneak_time":9281,"minecraft:walk_under_water_one_cm":24785,"minecraft:boat_one_cm":566861,"minecraft:jump":3811,"minecraft:interact_with_brewingstand":7,"minecraft:walk_on_water_one_cm":18933,"minecraft:enchant_item":5,"minecraft:total_world_time":263550,"minecraft:interact_with_furnace":193,"minecraft:sleep_in_bed":16,"minecraft:time_since_rest":14473,"minecraft:damage_taken":5188,"minecraft:damage_absorbed":40,"minecraft:damage_dealt":7887,"minecraft:swim_one_cm":86774,"minecraft:fly_one_cm":674500,"minecraft:open_chest":154,"minecraft:crouch_one_cm":11991,"minecraft:fall_one_cm":102549},"minecraft:dropped":{"minecraft:iron_ingot":22,"minecraft:wheat_seeds":3,"minecraft:diamond_axe":1,"minecraft:lapis_lazuli":61,"minecraft:diamond":15,"minecraft:diamond_leggings":1,"minecraft:cobblestone":12,"minecraft:leather":3,"minecraft:red_carpet":2,"minecraft:stick":9,"minecraft:flint":3,"minecraft:dirt":12,"minecraft:diorite":3,"minecraft:snowball":68,"minecraft:diamond_helmet":1,"minecraft:pumpkin":1,"minecraft:string":6,"minecraft:bone":1,"minecraft:gravel":10,"minecraft:sweet_berries":4,"minecraft:kelp":13,"minecraft:stone_sword":1,"minecraft:cobbled_deepslate":9,"minecraft:tuff":5,"minecraft:filled_map":1,"minecraft:diamond_chestplate":1,"minecraft:spruce_planks":4,"minecraft:diamond_pickaxe":2,"minecraft:diamond_boots":1,"minecraft:wooden_pickaxe":1},"minecraft:used":{"minecraft:stone_sword":92,"minecraft:iron_bars":1,"minecraft:dried_kelp":4,"minecraft:spruce_planks":1,"minecraft:shield":50,"minecraft:rotten_flesh":16,"minecraft:torch":7,"minecraft:dirt":22,"minecraft:white_carpet":3,"minecraft:diamond_helmet":1,"minecraft:tuff":74,"minecraft:snowball":26,"minecraft:spruce_boat":8,"minecraft:iron_axe":2,"minecraft:diamond_chestplate":2,"minecraft:sweet_berries":58,"minecraft:furnace":6,"minecraft:cooked_beef":12,"minecraft:cobbled_deepslate":218,"minecraft:cooked_mutton":10,"minecraft:diamond_boots":2,"minecraft:spruce_door":1,"minecraft:baked_potato":10,"minecraft:oak_planks":2,"minecraft:stone_pickaxe":302,"minecraft:wooden_pickaxe":17,"minecraft:diamond_axe":27,"minecraft:golden_apple":1,"minecraft:sand":1,"minecraft:crafting_table":22,"minecraft:red_bed":20,"minecraft:diamond_pickaxe":521,"minecraft:apple":3,"minecraft:iron_pickaxe":184,"minecraft:gravel":4,"minecraft:stone_axe":83,"minecraft:nether_wart_block":2,"minecraft:diamond_sword":97,"minecraft:cobblestone":160,"minecraft:porkchop":3,"minecraft:andesite":13,"minecraft:diamond_leggings":1},"minecraft:broken":{"minecraft:stone_pickaxe":1},"minecraft:crafted":{"minecraft:wooden_sword":1,"minecraft:oak_planks":24,"minecraft:cooked_mutton":11,"minecraft:diamond_helmet":3,"minecraft:diamond_leggings":3,"minecraft:iron_boots":1,"minecraft:iron_axe":1,"minecraft:stone_pickaxe":3,"minecraft:diamond_boots":3,"minecraft:spruce_boat":2,"minecraft:cooked_beef":15,"minecraft:diamond_sword":2,"minecraft:diamond_axe":1,"minecraft:crafting_table":5,"minecraft:spruce_planks":132,"minecraft:dried_kelp":4,"minecraft:wooden_pickaxe":1,"minecraft:spruce_door":3,"minecraft:stone_axe":1,"minecraft:air":0,"minecraft:iron_chestplate":1,"minecraft:diamond_pickaxe":1,"minecraft:shield":3,"minecraft:stick":24,"minecraft:iron_ingot":23,"minecraft:iron_pickaxe":1,"minecraft:stone_sword":3,"minecraft:iron_leggings":1,"minecraft:diamond_chestplate":3}},"DataVersion":2975}