{"stats":{"minecraft:picked_up":{"minecraft:crafting_table":37,"minecraft:splash_potion":5,"minecraft:chicken":1,"minecraft:wooden_pickaxe":5,"minecraft:string":24,"minecraft:red_bed":16,"minecraft:wooden_sword":3,"minecraft:white_carpet":8,"minecraft:cobbled_deepslate":137,"minecraft:spruce_planks":105,"minecraft:beef":8,"minecraft:sugar_cane":6,"minecraft:furnace":9,"minecraft:raw_iron":37,"minecraft:stick":6,"minecraft:torch":13,"minecraft:porkchop":6,"minecraft:diorite":13,"minecraft:arrow":2,"minecraft:stone_sword":13,"minecraft:rotten_flesh":15,"minecraft:polished_blackstone":1,"minecraft:mutton":9,"minecraft:iron_bars":10,"minecraft:snowball":40,"minecraft:white_wool":6,"minecraft:cobblestone":250,"minecraft:andesite":16,"minecraft:leather":3,"minecraft:flint":3,"minecraft:tuff":27,"minecraft:oak_log":6,"minecraft:dirt":62,"minecraft:red_carpet":8,"minecraft:bone":8,"minecraft:kelp":22,"minecraft:stone_pickaxe":2,"minecraft:iron_ingot":4,"minecraft:oak_planks":19,"minecraft:pumpkin":2,"minecraft:gravel":20,"minecraft:sand":16,"minecraft:spruce_log":40,"minecraft:diamond":40,"minecraft:stone_axe":5,"minecraft:spruce_boat":7,"minecraft:granite":8,"minecraft:coal":21},"minecraft:killed_by":{"minecraft:stray":1,"minecraft:zombie":2},"minecraft:killed":{"minecraft:spider":5,"minecraft:skeleton":2,"minecraft:chicken":1,"minecraft:pig":1,"minecraft:zombie_villager":1,"minecraft:rabbit":2,"minecraft:hoglin":1,"minecraft:sheep":8,"minecraft:zombie":8,"minecraft:stray":1,"minecraft:villager":1,"minecraft:cow":5},"minecraft:mined":{"minecraft:diamond_ore":3,"minecraft:red_carpet":2,"minecraft:tuff":23,"minecraft:deepslate_diamond_ore":32,"minecraft:granite":8,"minecraft:grass_block":3,"minecraft:spruce_leaves":7,"minecraft:tall_seagrass":1,"minecraft:furnace":7,"minecraft:iron_ore":26,"minecraft:andesite":16,"minecraft:pumpkin":1,"minecraft:iron_bars":4,"minecraft:stone":178,"minecraft:red_bed":13,"minecraft:kelp_plant":4,"minecraft:powder_snow":12,"minecraft:crafting_table":17,"minecraft:torch":7,"minecraft:tall_grass":2,"minecraft:cobblestone":1,"minecraft:sugar_cane":3,"minecraft:oak_planks":2,"minecraft:diorite":10,"minecraft:wall_torch":2,"minecraft:seagrass":1,"minecraft:sweet_berry_bush":1,"minecraft:white_carpet":3,"minecraft:spruce_log":28,"minecraft:grass":7,"minecraft:coal_ore":6,"minecraft:oak_log":6,"minecraft:dirt":16,"minecraft:gravel":18,"minecraft:sand":1,"minecraft:cobweb":1,"minecraft:deepslate":152},"minecraft:custom":{"minecraft:mob_kills":36,"minecraft:interact_with_crafting_table":98,"minecraft:time_since_death":85049,"minecraft:climb_one_cm":6777,"minecraft:sprint_one_cm":388027,"minecraft:walk_one_cm":116253,"minecraft:damage_blocked_by_shield":475,"minecraft:drop":18,"minecraft:talked_to_villager":33,"minecraft:play_time":130874,"minecraft:deaths":5,"minecraft:sneak_time":6727,"minecraft:walk_under_water_one_cm":8780,"minecraft:boat_one_cm":485091,"minecraft:jump":2453,"minecraft:interact_with_brewingstand":7,"minecraft:walk_on_water_one_cm":14680,"minecraft:total_world_time":130874,"minecraft:interact_with_furnace":163,"minecraft:sleep_in_bed":13,"minecraft:time_since_rest":19324,"minecraft:damage_taken":2559,"minecraft:damage_absorbed":40,"minecraft:damage_dealt":5409,"minecraft:swim_one_cm":39772,"minecraft:fly_one_cm":442049,"minecraft:open_chest":36,"minecraft:crouch_one_cm":9100,"minecraft:fall_one_cm":68471},"minecraft:dropped":{"minecraft:diamond":3,"minecraft:cobblestone":12,"minecraft:leather":3,"minecraft:red_carpet":2,"minecraft:flint":3,"minecraft:diorite":3,"minecraft:pumpkin":1,"minecraft:string":6,"minecraft:kelp":13,"minecraft:stone_sword":1,"minecraft:cobbled_deepslate":9,"minecraft:tuff":4,"minecraft:filled_map":1,"minecraft:wooden_pickaxe":1},"minecraft:used":{"minecraft:stone_sword":92,"minecraft:iron_bars":1,"minecraft:dried_kelp":4,"minecraft:spruce_planks":1,"minecraft:shield":15,"minecraft:rotten_flesh":15,"minecraft:torch":7,"minecraft:dirt":22,"minecraft:white_carpet":3,"minecraft:tuff":23,"minecraft:snowball":20,"minecraft:spruce_boat":6,"minecraft:furnace":6,"minecraft:cooked_beef":8,"minecraft:cobbled_deepslate":33,"minecraft:cooked_mutton":7,"minecraft:stone_pickaxe":276,"minecraft:oak_planks":2,"minecraft:wooden_pickaxe":17,"minecraft:golden_apple":1,"minecraft:sand":1,"minecraft:crafting_table":17,"minecraft:red_bed":16,"minecraft:apple":3,"minecraft:iron_pickaxe":184,"minecraft:stone_axe":76,"minecraft:diamond_sword":47,"minecraft:cobblestone":160,"minecraft:andesite":5},"minecraft:broken":{"minecraft:stone_pickaxe":1},"minecraft:crafted":{"minecraft:wooden_sword":1,"minecraft:oak_planks":24,"minecraft:cooked_mutton":9,"minecraft:diamond_helmet":1,"minecraft:diamond_leggings":1,"minecraft:iron_boots":1,"minecraft:stone_pickaxe":3,"minecraft:diamond_boots":1,"minecraft:spruce_boat":1,"minecraft:cooked_beef":8,"minecraft:diamond_sword":1,"minecraft:crafting_table":4,"minecraft:spruce_planks":84,"minecraft:dried_kelp":4,"minecraft:wooden_pickaxe":1,"minecraft:stone_axe":1,"minecraft:air":0,"minecraft:iron_chestplate":1,"minecraft:shield":1,"minecraft:stick":20,"minecraft:iron_ingot":23,"minecraft:iron_pickaxe":1,"minecraft:stone_sword":3,"minecraft:iron_leggings":1,"minecraft:diamond_chestplate":1}},"DataVersion":2975}