{"stats":{"minecraft:picked_up":{"minecraft:white_carpet":2,"minecraft:spruce_log":4,"minecraft:red_bed":1},"minecraft:mined":{"minecraft:red_bed":1,"minecraft:spruce_leaves":2,"minecraft:spruce_log":4,"minecraft:white_carpet":3},"minecraft:custom":{"minecraft:open_chest":6,"minecraft:time_since_rest":4874,"minecraft:crouch_one_cm":61,"minecraft:play_time":4874,"minecraft:sprint_one_cm":19148,"minecraft:damage_taken":98,"minecraft:walk_one_cm":1092,"minecraft:sneak_time":47,"minecraft:walk_under_water_one_cm":476,"minecraft:jump":54,"minecraft:time_since_death":4874,"minecraft:walk_on_water_one_cm":3732,"minecraft:total_world_time":4874,"minecraft:climb_one_cm":16,"minecraft:swim_one_cm":5851,"minecraft:fly_one_cm":23480},"minecraft:crafted":{"minecraft:crafting_table":4,"minecraft:spruce_planks":16}},"DataVersion":2975}