{"stats":{"minecraft:picked_up":{"minecraft:crafting_table":4,"minecraft:feather":3,"minecraft:chicken":4,"minecraft:leather":3,"minecraft:porkchop":17,"minecraft:oak_log":6,"minecraft:dirt":2,"minecraft:red_bed":1,"minecraft:white_carpet":18,"minecraft:beef":12,"minecraft:light_gray_carpet":3,"minecraft:mutton":6,"minecraft:sugar_cane":15,"minecraft:coal":2,"minecraft:white_wool":4,"minecraft:cobblestone":8,"minecraft:furnace":1},"minecraft:killed_by":{"minecraft:skeleton":1},"minecraft:killed":{"minecraft:sheep":4,"minecraft:pig":7,"minecraft:chicken":4,"minecraft:cow":7},"minecraft:mined":{"minecraft:light_gray_carpet":3,"minecraft:furnace":1,"minecraft:red_bed":1,"minecraft:white_carpet":9,"minecraft:crafting_table":4,"minecraft:grass":14,"minecraft:grass_block":2,"minecraft:coal_ore":2,"minecraft:oak_log":6,"minecraft:stone":8,"minecraft:sugar_cane":5,"minecraft:oak_leaves":1},"minecraft:custom":{"minecraft:time_since_rest":2752,"minecraft:sprint_one_cm":46428,"minecraft:interact_with_furnace":12,"minecraft:damage_taken":430,"minecraft:walk_one_cm":19510,"minecraft:mob_kills":22,"minecraft:drop":9,"minecraft:damage_dealt":2034,"minecraft:interact_with_crafting_table":4,"minecraft:swim_one_cm":79340,"minecraft:fly_one_cm":132122,"minecraft:open_chest":1,"minecraft:deaths":1,"minecraft:crouch_one_cm":7,"minecraft:play_time":17451,"minecraft:sneak_time":37,"minecraft:walk_under_water_one_cm":1397,"minecraft:jump":438,"minecraft:leave_game":1,"minecraft:walk_on_water_one_cm":4090,"minecraft:time_since_death":2551,"minecraft:total_world_time":17451,"minecraft:fall_one_cm":7616},"minecraft:dropped":{"minecraft:white_carpet":9},"minecraft:used":{"minecraft:wooden_axe":6,"minecraft:wooden_pickaxe":13,"minecraft:golden_sword":13,"minecraft:wooden_sword":68,"minecraft:crafting_table":3,"minecraft:furnace":1,"minecraft:cooked_porkchop":4},"minecraft:broken":{"minecraft:wooden_sword":1},"minecraft:crafted":{"minecraft:wooden_sword":1,"minecraft:oak_planks":24,"minecraft:cooked_porkchop":9,"minecraft:crafting_table":1,"minecraft:stick":8,"minecraft:wooden_pickaxe":1,"minecraft:wooden_axe":1,"minecraft:furnace":1,"minecraft:air":0}},"DataVersion":2975}