{"stats":{"minecraft:picked_up":{"minecraft:crafting_table":11,"minecraft:wheat":30,"minecraft:chicken":4,"minecraft:clay_ball":72,"minecraft:diamond_sword":1,"minecraft:crimson_planks":6,"minecraft:shield":1,"minecraft:string":9,"minecraft:red_bed":1,"minecraft:moss_carpet":4,"minecraft:soul_soil":28,"minecraft:iron_axe":1,"minecraft:iron_leggings":2,"minecraft:white_carpet":35,"minecraft:blackstone":64,"minecraft:diamond_leggings":1,"minecraft:gold_nugget":81,"minecraft:cobbled_deepslate":510,"minecraft:spruce_planks":21,"minecraft:beef":19,"minecraft:calcite":2,"minecraft:iron_nugget":13,"minecraft:light_gray_wool":2,"minecraft:iron_pickaxe":3,"minecraft:melon_slice":22,"minecraft:sugar_cane":15,"minecraft:chest":1,"minecraft:furnace":1,"minecraft:iron_boots":1,"minecraft:tipped_arrow":2,"minecraft:stick":3,"minecraft:raw_iron":23,"minecraft:porkchop":22,"minecraft:carrot":3,"minecraft:redstone":23,"minecraft:arrow":16,"minecraft:rotten_flesh":18,"minecraft:diamond_chestplate":2,"minecraft:diamond_boots":1,"minecraft:hay_block":18,"minecraft:gold_ingot":5,"minecraft:glow_berries":3,"minecraft:mutton":6,"minecraft:bone_block":33,"minecraft:snowball":78,"minecraft:white_wool":4,"minecraft:cobblestone":22,"minecraft:feather":3,"minecraft:basalt":245,"minecraft:crimson_stem":7,"minecraft:leather":9,"minecraft:potato":257,"minecraft:crimson_fungus":2,"minecraft:tuff":25,"minecraft:oak_log":6,"minecraft:golden_boots":1,"minecraft:nether_wart_block":1,"minecraft:gunpowder":2,"minecraft:lapis_lazuli":87,"minecraft:dirt":76,"minecraft:blue_bed":2,"minecraft:bone":15,"minecraft:bow":1,"minecraft:wheat_seeds":93,"minecraft:iron_ingot":10,"minecraft:stone_pickaxe":1,"minecraft:diamond_helmet":1,"minecraft:moss_block":14,"minecraft:flowering_azalea":1,"minecraft:soul_sand":30,"minecraft:smooth_basalt":11,"minecraft:cooked_porkchop":32,"minecraft:pumpkin":1,"minecraft:sweet_berries":233,"minecraft:quartz":20,"minecraft:spruce_log":89,"minecraft:spider_eye":2,"minecraft:diamond":18,"minecraft:spruce_boat":8,"minecraft:iron_helmet":1,"minecraft:baked_potato":64,"minecraft:light_gray_carpet":3,"minecraft:netherrack":194,"minecraft:coal":13,"minecraft:crimson_roots":6,"minecraft:ender_pearl":1,"minecraft:diamond_pickaxe":2},"minecraft:killed_by":{"minecraft:ghast":1,"minecraft:skeleton":1},"minecraft:killed":{"minecraft:spider":5,"minecraft:skeleton":7,"minecraft:chicken":4,"minecraft:magma_cube":2,"minecraft:piglin":3,"minecraft:pig":7,"minecraft:creeper":2,"minecraft:sheep":4,"minecraft:zombie":23,"minecraft:stray":5,"minecraft:enderman":2,"minecraft:cow":10},"minecraft:mined":{"minecraft:nether_gold_ore":22,"minecraft:tuff":25,"minecraft:spruce_planks":3,"minecraft:deepslate_diamond_ore":7,"minecraft:granite":8,"minecraft:glow_lichen":1,"minecraft:cave_vines_plant":2,"minecraft:grass_block":49,"minecraft:crimson_roots":1,"minecraft:soul_soil":5,"minecraft:spruce_leaves":49,"minecraft:moss_block":3,"minecraft:spawner":1,"minecraft:crimson_stem":7,"minecraft:large_fern":5,"minecraft:hay_block":18,"minecraft:furnace":1,"minecraft:iron_ore":4,"minecraft:fire":1,"minecraft:snow":13,"minecraft:andesite":7,"minecraft:pumpkin":1,"minecraft:deepslate_lapis_ore":9,"minecraft:cave_vines":2,"minecraft:potatoes":72,"minecraft:deepslate_iron_ore":3,"minecraft:stone":20,"minecraft:bone_block":14,"minecraft:deepslate_redstone_ore":6,"minecraft:light_gray_carpet":3,"minecraft:red_bed":1,"minecraft:soul_sand":20,"minecraft:crimson_nylium":44,"minecraft:soul_fire":5,"minecraft:basalt":3,"minecraft:clay":18,"minecraft:crafting_table":10,"minecraft:calcite":2,"minecraft:melon":2,"minecraft:chest":1,"minecraft:nether_quartz_ore":10,"minecraft:tall_grass":1,"minecraft:lapis_ore":5,"minecraft:sugar_cane":5,"minecraft:diorite":4,"minecraft:blue_bed":2,"minecraft:nether_wart_block":1,"minecraft:wheat":31,"minecraft:sweet_berry_bush":91,"minecraft:ice":9,"minecraft:white_carpet":9,"minecraft:spruce_log":94,"minecraft:birch_leaves":5,"minecraft:light_gray_wool":2,"minecraft:grass":24,"minecraft:oak_log":6,"minecraft:coal_ore":2,"minecraft:gravel":2,"minecraft:dirt":7,"minecraft:crimson_planks":1,"minecraft:smooth_basalt":11,"minecraft:netherrack":87,"minecraft:oak_leaves":1,"minecraft:deepslate":524,"minecraft:fern":4},"minecraft:custom":{"minecraft:mob_kills":74,"minecraft:inspect_hopper":1,"minecraft:interact_with_crafting_table":30,"minecraft:leave_game":3,"minecraft:time_since_death":62378,"minecraft:climb_one_cm":654,"minecraft:sprint_one_cm":626048,"minecraft:walk_one_cm":339687,"minecraft:damage_blocked_by_shield":1440,"minecraft:drop":46,"minecraft:talked_to_villager":1,"minecraft:play_time":205174,"minecraft:sneak_time":11912,"minecraft:deaths":3,"minecraft:walk_under_water_one_cm":7444,"minecraft:boat_one_cm":204413,"minecraft:jump":5218,"minecraft:walk_on_water_one_cm":19845,"minecraft:enchant_item":7,"minecraft:total_world_time":205174,"minecraft:interact_with_furnace":24,"minecraft:interact_with_cartography_table":1,"minecraft:sleep_in_bed":2,"minecraft:time_since_rest":62406,"minecraft:damage_taken":3930,"minecraft:damage_dealt":11175,"minecraft:swim_one_cm":133986,"minecraft:fly_one_cm":1185684,"minecraft:open_chest":90,"minecraft:crouch_one_cm":50945,"minecraft:interact_with_smoker":1,"minecraft:fall_one_cm":145903},"minecraft:dropped":{"minecraft:bread":64,"minecraft:wheat_seeds":31,"minecraft:cobblestone":1,"minecraft:flint":2,"minecraft:stick":1,"minecraft:dirt":29,"minecraft:map":2,"minecraft:snowball":143,"minecraft:pumpkin":1,"minecraft:string":2,"minecraft:sweet_berries":64,"minecraft:white_carpet":26,"minecraft:rotten_flesh":4,"minecraft:pumpkin_seeds":6,"minecraft:filled_map":1,"minecraft:tipped_arrow":2,"minecraft:spruce_planks":1,"minecraft:spider_eye":1,"minecraft:arrow":2},"minecraft:used":{"minecraft:iron_shovel":49,"minecraft:spruce_slab":86,"minecraft:light_gray_carpet":3,"minecraft:chest":1,"minecraft:spruce_planks":33,"minecraft:shield":24,"minecraft:iron_sword":113,"minecraft:rotten_flesh":2,"minecraft:netherrack":79,"minecraft:torch":12,"minecraft:soul_sand":8,"minecraft:dirt":26,"minecraft:white_carpet":9,"minecraft:axolotl_bucket":3,"minecraft:spruce_fence":36,"minecraft:iron_hoe":45,"minecraft:spruce_boat":8,"minecraft:wooden_axe":19,"minecraft:iron_axe":92,"minecraft:crimson_planks":25,"minecraft:basalt":234,"minecraft:golden_sword":13,"minecraft:sweet_berries":51,"minecraft:furnace":1,"minecraft:potato":90,"minecraft:cobbled_deepslate":77,"minecraft:beetroot_soup":1,"minecraft:water_bucket":19,"minecraft:stone_pickaxe":4,"minecraft:baked_potato":18,"minecraft:wooden_pickaxe":17,"minecraft:spruce_fence_gate":2,"minecraft:blue_bed":2,"minecraft:glow_berries":1,"minecraft:crafting_table":10,"minecraft:spruce_log":6,"minecraft:diamond_pickaxe":699,"minecraft:iron_pickaxe":145,"minecraft:map":1,"minecraft:bread":15,"minecraft:melon_slice":2,"minecraft:nether_wart_block":1,"minecraft:diamond_sword":85,"minecraft:wooden_sword":149,"minecraft:porkchop":2,"minecraft:cooked_porkchop":25,"minecraft:bucket":21,"minecraft:bone_meal":168},"minecraft:broken":{"minecraft:wooden_sword":2},"minecraft:crafted":{"minecraft:wooden_sword":2,"minecraft:oak_planks":24,"minecraft:furnace":1,"minecraft:bone_meal":171,"minecraft:spruce_fence":78,"minecraft:iron_bars":16,"minecraft:iron_boots":1,"minecraft:iron_axe":1,"minecraft:iron_hoe":1,"minecraft:spruce_slab":102,"minecraft:stone_pickaxe":1,"minecraft:spruce_boat":1,"minecraft:wheat":162,"minecraft:golden_boots":1,"minecraft:crimson_planks":28,"minecraft:diamond_sword":2,"minecraft:cooked_porkchop":9,"minecraft:crafting_table":3,"minecraft:spruce_planks":352,"minecraft:iron_helmet":1,"minecraft:wooden_pickaxe":2,"minecraft:iron_sword":2,"minecraft:bucket":1,"minecraft:air":0,"minecraft:bread":64,"minecraft:diamond_pickaxe":2,"minecraft:shield":1,"minecraft:stick":200,"minecraft:iron_ingot":62,"minecraft:iron_pickaxe":2,"minecraft:wooden_axe":2,"minecraft:iron_shovel":1,"minecraft:iron_leggings":1,"minecraft:gold_ingot":9,"minecraft:spruce_fence_gate":25,"minecraft:torch":20}},"DataVersion":2975}