{"stats":{"minecraft:picked_up":{"minecraft:sugar_cane":15},"minecraft:mined":{"minecraft:sugar_cane":5},"minecraft:custom":{"minecraft:jump":137,"minecraft:time_since_rest":5451,"minecraft:damage_taken":180,"minecraft:crouch_one_cm":7,"minecraft:sprint_one_cm":14776,"minecraft:leave_game":1,"minecraft:play_time":5451,"minecraft:walk_on_water_one_cm":2236,"minecraft:time_since_death":5451,"minecraft:walk_one_cm":2476,"minecraft:sneak_time":17,"minecraft:total_world_time":5451,"minecraft:walk_under_water_one_cm":764,"minecraft:swim_one_cm":56654,"minecraft:fall_one_cm":822,"minecraft:fly_one_cm":61264}},"DataVersion":2975}