{"stats":{"minecraft:picked_up":{"minecraft:crafting_table":7,"minecraft:feather":3,"minecraft:chicken":4,"minecraft:leather":7,"minecraft:oak_log":6,"minecraft:blue_bed":1,"minecraft:dirt":7,"minecraft:red_bed":1,"minecraft:white_carpet":18,"minecraft:wheat_seeds":5,"minecraft:beef":19,"minecraft:melon_slice":11,"minecraft:sugar_cane":15,"minecraft:furnace":1,"minecraft:stick":2,"minecraft:raw_iron":4,"minecraft:pumpkin":1,"minecraft:sweet_berries":233,"minecraft:porkchop":17,"minecraft:spruce_log":12,"minecraft:rotten_flesh":2,"minecraft:spruce_boat":8,"minecraft:hay_block":11,"minecraft:light_gray_carpet":3,"minecraft:mutton":6,"minecraft:coal":2,"minecraft:white_wool":4,"minecraft:cobblestone":12},"minecraft:killed_by":{"minecraft:skeleton":1},"minecraft:killed":{"minecraft:pig":7,"minecraft:sheep":4,"minecraft:chicken":4,"minecraft:cow":10},"minecraft:mined":{"minecraft:light_gray_carpet":3,"minecraft:red_bed":1,"minecraft:crafting_table":7,"minecraft:grass_block":5,"minecraft:melon":2,"minecraft:spruce_leaves":37,"minecraft:sugar_cane":5,"minecraft:blue_bed":1,"minecraft:large_fern":5,"minecraft:hay_block":12,"minecraft:furnace":1,"minecraft:iron_ore":4,"minecraft:wheat":1,"minecraft:sweet_berry_bush":91,"minecraft:white_carpet":9,"minecraft:spruce_log":12,"minecraft:birch_leaves":5,"minecraft:pumpkin":1,"minecraft:grass":20,"minecraft:oak_log":6,"minecraft:coal_ore":2,"minecraft:dirt":2,"minecraft:stone":12,"minecraft:oak_leaves":1,"minecraft:fern":3},"minecraft:custom":{"minecraft:interact_with_furnace":12,"minecraft:mob_kills":25,"minecraft:interact_with_crafting_table":9,"minecraft:leave_game":1,"minecraft:time_since_death":44551,"minecraft:time_since_rest":44752,"minecraft:sprint_one_cm":211137,"minecraft:damage_taken":745,"minecraft:walk_one_cm":65816,"minecraft:drop":9,"minecraft:damage_dealt":2396,"minecraft:swim_one_cm":111285,"minecraft:talked_to_villager":1,"minecraft:fly_one_cm":427867,"minecraft:open_chest":7,"minecraft:crouch_one_cm":123,"minecraft:play_time":59451,"minecraft:deaths":1,"minecraft:sneak_time":678,"minecraft:walk_under_water_one_cm":4153,"minecraft:boat_one_cm":204413,"minecraft:jump":1679,"minecraft:walk_on_water_one_cm":12058,"minecraft:total_world_time":59451,"minecraft:fall_one_cm":39620},"minecraft:dropped":{"minecraft:white_carpet":9},"minecraft:used":{"minecraft:stone_pickaxe":4,"minecraft:light_gray_carpet":3,"minecraft:wooden_pickaxe":17,"minecraft:rotten_flesh":2,"minecraft:dirt":4,"minecraft:white_carpet":9,"minecraft:crafting_table":6,"minecraft:spruce_log":6,"minecraft:spruce_boat":8,"minecraft:wooden_axe":16,"minecraft:bread":2,"minecraft:golden_sword":13,"minecraft:wooden_sword":149,"minecraft:sweet_berries":51,"minecraft:furnace":1,"minecraft:cooked_porkchop":4},"minecraft:broken":{"minecraft:wooden_sword":2},"minecraft:crafted":{"minecraft:wooden_sword":2,"minecraft:oak_planks":24,"minecraft:cooked_porkchop":9,"minecraft:crafting_table":2,"minecraft:spruce_planks":24,"minecraft:wooden_pickaxe":2,"minecraft:furnace":1,"minecraft:air":0,"minecraft:stick":16,"minecraft:stone_pickaxe":1,"minecraft:wooden_axe":2,"minecraft:spruce_boat":1}},"DataVersion":2975}