{"stats":{"minecraft:picked_up":{"minecraft:wheat":30,"minecraft:crafting_table":8,"minecraft:feather":3,"minecraft:basalt":242,"minecraft:chicken":4,"minecraft:leather":7,"minecraft:oak_log":6,"minecraft:shield":1,"minecraft:blue_bed":2,"minecraft:dirt":52,"minecraft:red_bed":1,"minecraft:iron_leggings":1,"minecraft:white_carpet":18,"minecraft:blackstone":64,"minecraft:wheat_seeds":93,"minecraft:spruce_planks":21,"minecraft:iron_ingot":2,"minecraft:beef":19,"minecraft:iron_nugget":13,"minecraft:melon_slice":11,"minecraft:sugar_cane":15,"minecraft:tipped_arrow":1,"minecraft:iron_boots":1,"minecraft:furnace":1,"minecraft:stick":2,"minecraft:raw_iron":20,"minecraft:cooked_porkchop":17,"minecraft:pumpkin":1,"minecraft:sweet_berries":233,"minecraft:quartz":10,"minecraft:porkchop":17,"minecraft:carrot":3,"minecraft:spruce_log":37,"minecraft:arrow":2,"minecraft:rotten_flesh":4,"minecraft:diamond":5,"minecraft:spruce_boat":8,"minecraft:hay_block":18,"minecraft:snowball":74,"minecraft:netherrack":64,"minecraft:light_gray_carpet":3,"minecraft:mutton":6,"minecraft:coal":13,"minecraft:white_wool":4,"minecraft:cobblestone":14,"minecraft:ender_pearl":1},"minecraft:killed_by":{"minecraft:skeleton":1},"minecraft:killed":{"minecraft:magma_cube":2,"minecraft:pig":7,"minecraft:creeper":1,"minecraft:skeleton":1,"minecraft:sheep":4,"minecraft:zombie":3,"minecraft:chicken":4,"minecraft:stray":1,"minecraft:enderman":1,"minecraft:cow":10},"minecraft:mined":{"minecraft:light_gray_carpet":3,"minecraft:spruce_planks":3,"minecraft:red_bed":1,"minecraft:crafting_table":8,"minecraft:grass_block":21,"minecraft:melon":2,"minecraft:spruce_leaves":42,"minecraft:sugar_cane":5,"minecraft:blue_bed":2,"minecraft:large_fern":5,"minecraft:hay_block":18,"minecraft:furnace":1,"minecraft:snow":9,"minecraft:ice":2,"minecraft:iron_ore":4,"minecraft:wheat":31,"minecraft:sweet_berry_bush":91,"minecraft:white_carpet":9,"minecraft:spruce_log":39,"minecraft:birch_leaves":5,"minecraft:pumpkin":1,"minecraft:grass":22,"minecraft:oak_log":6,"minecraft:coal_ore":2,"minecraft:dirt":3,"minecraft:stone":12,"minecraft:oak_leaves":1,"minecraft:fern":4},"minecraft:custom":{"minecraft:interact_with_furnace":18,"minecraft:mob_kills":34,"minecraft:inspect_hopper":1,"minecraft:interact_with_cartography_table":1,"minecraft:interact_with_crafting_table":19,"minecraft:leave_game":1,"minecraft:time_since_death":80551,"minecraft:sleep_in_bed":2,"minecraft:time_since_rest":7686,"minecraft:sprint_one_cm":314662,"minecraft:damage_taken":1065,"minecraft:walk_one_cm":128083,"minecraft:damage_blocked_by_shield":390,"minecraft:drop":23,"minecraft:damage_dealt":3836,"minecraft:swim_one_cm":111285,"minecraft:talked_to_villager":1,"minecraft:fly_one_cm":601248,"minecraft:open_chest":22,"minecraft:crouch_one_cm":15586,"minecraft:play_time":95451,"minecraft:deaths":1,"minecraft:sneak_time":4228,"minecraft:walk_under_water_one_cm":4153,"minecraft:boat_one_cm":204413,"minecraft:jump":2427,"minecraft:walk_on_water_one_cm":12255,"minecraft:total_world_time":95451,"minecraft:fall_one_cm":58309},"minecraft:dropped":{"minecraft:bread":64,"minecraft:sweet_berries":64,"minecraft:wheat_seeds":28,"minecraft:white_carpet":9,"minecraft:rotten_flesh":2,"minecraft:pumpkin_seeds":6,"minecraft:flint":2,"minecraft:filled_map":1,"minecraft:dirt":1,"minecraft:spruce_planks":1,"minecraft:map":2,"minecraft:pumpkin":1},"minecraft:used":{"minecraft:water_bucket":14,"minecraft:iron_shovel":21,"minecraft:stone_pickaxe":4,"minecraft:light_gray_carpet":3,"minecraft:shield":6,"minecraft:spruce_planks":25,"minecraft:wooden_pickaxe":17,"minecraft:iron_sword":16,"minecraft:blue_bed":2,"minecraft:rotten_flesh":2,"minecraft:torch":12,"minecraft:dirt":21,"minecraft:white_carpet":9,"minecraft:crafting_table":8,"minecraft:iron_hoe":45,"minecraft:spruce_log":6,"minecraft:spruce_boat":8,"minecraft:wooden_axe":19,"minecraft:iron_axe":30,"minecraft:map":1,"minecraft:bread":12,"minecraft:diamond_sword":17,"minecraft:basalt":42,"minecraft:golden_sword":13,"minecraft:wooden_sword":149,"minecraft:sweet_berries":51,"minecraft:furnace":1,"minecraft:cooked_porkchop":6,"minecraft:bucket":14},"minecraft:broken":{"minecraft:wooden_sword":2},"minecraft:crafted":{"minecraft:wooden_sword":2,"minecraft:oak_planks":24,"minecraft:diamond_sword":1,"minecraft:cooked_porkchop":9,"minecraft:crafting_table":2,"minecraft:spruce_planks":144,"minecraft:wooden_pickaxe":2,"minecraft:iron_sword":1,"minecraft:furnace":1,"minecraft:bucket":1,"minecraft:bread":64,"minecraft:air":0,"minecraft:diamond_pickaxe":1,"minecraft:iron_axe":1,"minecraft:iron_hoe":1,"minecraft:stick":128,"minecraft:iron_ingot":62,"minecraft:stone_pickaxe":1,"minecraft:wooden_axe":2,"minecraft:iron_shovel":1,"minecraft:spruce_boat":1,"minecraft:spruce_fence_gate":16,"minecraft:torch":20,"minecraft:wheat":162}},"DataVersion":2975}