{"stats":{"minecraft:picked_up":{"minecraft:crafting_table":11,"minecraft:wheat":30,"minecraft:chicken":4,"minecraft:diamond_sword":1,"minecraft:crimson_planks":6,"minecraft:shield":1,"minecraft:string":5,"minecraft:red_bed":1,"minecraft:soul_soil":28,"minecraft:iron_axe":1,"minecraft:iron_leggings":2,"minecraft:white_carpet":35,"minecraft:blackstone":64,"minecraft:gold_nugget":81,"minecraft:spruce_planks":21,"minecraft:beef":19,"minecraft:iron_nugget":13,"minecraft:iron_pickaxe":3,"minecraft:melon_slice":22,"minecraft:sugar_cane":15,"minecraft:chest":1,"minecraft:furnace":1,"minecraft:iron_boots":1,"minecraft:tipped_arrow":2,"minecraft:stick":3,"minecraft:raw_iron":20,"minecraft:porkchop":22,"minecraft:carrot":3,"minecraft:arrow":8,"minecraft:diamond_chestplate":1,"minecraft:rotten_flesh":6,"minecraft:hay_block":18,"minecraft:gold_ingot":5,"minecraft:mutton":6,"minecraft:cobblestone":14,"minecraft:snowball":78,"minecraft:bone_block":33,"minecraft:white_wool":4,"minecraft:feather":3,"minecraft:basalt":245,"minecraft:crimson_stem":7,"minecraft:leather":9,"minecraft:potato":257,"minecraft:crimson_fungus":2,"minecraft:oak_log":6,"minecraft:golden_boots":1,"minecraft:nether_wart_block":1,"minecraft:dirt":75,"minecraft:blue_bed":2,"minecraft:bone":7,"minecraft:wheat_seeds":93,"minecraft:iron_ingot":9,"minecraft:stone_pickaxe":1,"minecraft:soul_sand":30,"minecraft:cooked_porkchop":32,"minecraft:pumpkin":1,"minecraft:sweet_berries":233,"minecraft:quartz":20,"minecraft:spruce_log":81,"minecraft:spider_eye":2,"minecraft:diamond":11,"minecraft:spruce_boat":8,"minecraft:iron_helmet":1,"minecraft:baked_potato":64,"minecraft:light_gray_carpet":3,"minecraft:netherrack":194,"minecraft:coal":13,"minecraft:crimson_roots":6,"minecraft:diamond_pickaxe":1,"minecraft:ender_pearl":1},"minecraft:killed_by":{"minecraft:ghast":1,"minecraft:skeleton":1},"minecraft:killed":{"minecraft:spider":2,"minecraft:skeleton":3,"minecraft:chicken":4,"minecraft:magma_cube":2,"minecraft:piglin":3,"minecraft:pig":7,"minecraft:creeper":1,"minecraft:sheep":4,"minecraft:zombie":5,"minecraft:stray":3,"minecraft:enderman":1,"minecraft:cow":10},"minecraft:mined":{"minecraft:nether_gold_ore":22,"minecraft:spruce_planks":3,"minecraft:grass_block":45,"minecraft:crimson_roots":1,"minecraft:soul_soil":5,"minecraft:spruce_leaves":46,"minecraft:crimson_stem":7,"minecraft:large_fern":5,"minecraft:hay_block":18,"minecraft:furnace":1,"minecraft:iron_ore":4,"minecraft:fire":1,"minecraft:snow":13,"minecraft:pumpkin":1,"minecraft:potatoes":72,"minecraft:stone":12,"minecraft:bone_block":14,"minecraft:light_gray_carpet":3,"minecraft:red_bed":1,"minecraft:soul_sand":20,"minecraft:crimson_nylium":44,"minecraft:soul_fire":5,"minecraft:basalt":3,"minecraft:crafting_table":10,"minecraft:melon":2,"minecraft:chest":1,"minecraft:nether_quartz_ore":10,"minecraft:sugar_cane":5,"minecraft:blue_bed":2,"minecraft:nether_wart_block":1,"minecraft:wheat":31,"minecraft:sweet_berry_bush":91,"minecraft:ice":9,"minecraft:white_carpet":9,"minecraft:spruce_log":86,"minecraft:birch_leaves":5,"minecraft:grass":22,"minecraft:oak_log":6,"minecraft:coal_ore":2,"minecraft:dirt":3,"minecraft:crimson_planks":1,"minecraft:netherrack":87,"minecraft:oak_leaves":1,"minecraft:fern":4},"minecraft:custom":{"minecraft:mob_kills":45,"minecraft:inspect_hopper":1,"minecraft:interact_with_crafting_table":25,"minecraft:leave_game":2,"minecraft:time_since_death":4360,"minecraft:sprint_one_cm":428618,"minecraft:walk_one_cm":239011,"minecraft:damage_blocked_by_shield":490,"minecraft:drop":38,"minecraft:talked_to_villager":1,"minecraft:play_time":147156,"minecraft:deaths":3,"minecraft:sneak_time":11023,"minecraft:walk_under_water_one_cm":4153,"minecraft:boat_one_cm":204413,"minecraft:jump":3509,"minecraft:walk_on_water_one_cm":12255,"minecraft:total_world_time":147156,"minecraft:interact_with_furnace":24,"minecraft:interact_with_cartography_table":1,"minecraft:sleep_in_bed":2,"minecraft:time_since_rest":4388,"minecraft:damage_taken":2478,"minecraft:damage_dealt":5892,"minecraft:swim_one_cm":111285,"minecraft:fly_one_cm":807391,"minecraft:open_chest":59,"minecraft:crouch_one_cm":47526,"minecraft:fall_one_cm":90959},"minecraft:dropped":{"minecraft:bread":64,"minecraft:wheat_seeds":28,"minecraft:cobblestone":1,"minecraft:stick":1,"minecraft:flint":2,"minecraft:dirt":29,"minecraft:map":2,"minecraft:snowball":41,"minecraft:pumpkin":1,"minecraft:string":2,"minecraft:sweet_berries":64,"minecraft:white_carpet":26,"minecraft:rotten_flesh":4,"minecraft:pumpkin_seeds":6,"minecraft:filled_map":1,"minecraft:tipped_arrow":2,"minecraft:spruce_planks":1,"minecraft:spider_eye":1,"minecraft:arrow":2},"minecraft:used":{"minecraft:iron_shovel":49,"minecraft:spruce_slab":86,"minecraft:light_gray_carpet":3,"minecraft:chest":1,"minecraft:spruce_planks":25,"minecraft:shield":9,"minecraft:iron_sword":16,"minecraft:rotten_flesh":2,"minecraft:netherrack":79,"minecraft:torch":12,"minecraft:soul_sand":8,"minecraft:dirt":25,"minecraft:white_carpet":9,"minecraft:spruce_fence":36,"minecraft:iron_hoe":45,"minecraft:spruce_boat":8,"minecraft:wooden_axe":19,"minecraft:iron_axe":92,"minecraft:crimson_planks":25,"minecraft:basalt":234,"minecraft:golden_sword":13,"minecraft:sweet_berries":51,"minecraft:furnace":1,"minecraft:potato":90,"minecraft:water_bucket":14,"minecraft:stone_pickaxe":4,"minecraft:baked_potato":18,"minecraft:wooden_pickaxe":17,"minecraft:spruce_fence_gate":2,"minecraft:blue_bed":2,"minecraft:crafting_table":10,"minecraft:spruce_log":6,"minecraft:diamond_pickaxe":56,"minecraft:iron_pickaxe":145,"minecraft:map":1,"minecraft:bread":15,"minecraft:melon_slice":2,"minecraft:nether_wart_block":1,"minecraft:diamond_sword":62,"minecraft:wooden_sword":149,"minecraft:porkchop":2,"minecraft:cooked_porkchop":6,"minecraft:bucket":14,"minecraft:bone_meal":168},"minecraft:broken":{"minecraft:wooden_sword":2},"minecraft:crafted":{"minecraft:wooden_sword":2,"minecraft:oak_planks":24,"minecraft:furnace":1,"minecraft:bone_meal":171,"minecraft:spruce_fence":78,"minecraft:iron_bars":16,"minecraft:iron_boots":1,"minecraft:iron_axe":1,"minecraft:iron_hoe":1,"minecraft:spruce_slab":102,"minecraft:stone_pickaxe":1,"minecraft:spruce_boat":1,"minecraft:golden_boots":1,"minecraft:wheat":162,"minecraft:crimson_planks":28,"minecraft:diamond_sword":1,"minecraft:cooked_porkchop":9,"minecraft:crafting_table":3,"minecraft:spruce_planks":320,"minecraft:iron_helmet":1,"minecraft:wooden_pickaxe":2,"minecraft:iron_sword":1,"minecraft:bucket":1,"minecraft:air":0,"minecraft:bread":64,"minecraft:diamond_pickaxe":1,"minecraft:stick":192,"minecraft:iron_ingot":62,"minecraft:iron_pickaxe":2,"minecraft:wooden_axe":2,"minecraft:iron_leggings":1,"minecraft:iron_shovel":1,"minecraft:gold_ingot":9,"minecraft:spruce_fence_gate":25,"minecraft:torch":20}},"DataVersion":2975}