{"stats":{"minecraft:picked_up":{"minecraft:crafting_table":3,"minecraft:carrot":1,"minecraft:stripped_spruce_log":6,"minecraft:blast_furnace":1,"minecraft:diorite":3,"minecraft:white_bed":2,"minecraft:spruce_log":7,"minecraft:dirt":4,"minecraft:spruce_boat":1,"minecraft:sugar_cane":8,"minecraft:cobblestone":14,"minecraft:furnace":2},"minecraft:mined":{"minecraft:white_bed":2,"minecraft:furnace":2,"minecraft:stripped_spruce_log":6,"minecraft:spruce_log":7,"minecraft:crafting_table":3,"minecraft:grass":2,"minecraft:blast_furnace":1,"minecraft:grass_block":1,"minecraft:dirt":3,"minecraft:packed_ice":2,"minecraft:stone":14,"minecraft:sugar_cane":4,"minecraft:diorite":3},"minecraft:custom":{"minecraft:time_since_rest":11809,"minecraft:sprint_one_cm":48469,"minecraft:interact_with_furnace":4,"minecraft:damage_taken":70,"minecraft:walk_one_cm":8917,"minecraft:drop":2,"minecraft:damage_dealt":180,"minecraft:swim_one_cm":14130,"minecraft:interact_with_crafting_table":4,"minecraft:fly_one_cm":141908,"minecraft:open_chest":4,"minecraft:play_time":14325,"minecraft:sneak_time":2,"minecraft:walk_under_water_one_cm":535,"minecraft:boat_one_cm":16276,"minecraft:jump":418,"minecraft:walk_on_water_one_cm":4611,"minecraft:leave_game":1,"minecraft:time_since_death":14325,"minecraft:sleep_in_bed":1,"minecraft:total_world_time":14325,"minecraft:fall_one_cm":10792},"minecraft:dropped":{"minecraft:wooden_axe":1,"minecraft:wooden_pickaxe":1},"minecraft:used":{"minecraft:spruce_boat":2,"minecraft:wooden_axe":8,"minecraft:diorite":3,"minecraft:bread":4,"minecraft:stone_pickaxe":3,"minecraft:spruce_planks":4,"minecraft:wooden_pickaxe":19,"minecraft:stone_axe":4,"minecraft:dirt":4,"minecraft:crafting_table":3,"minecraft:furnace":1,"minecraft:carrot":1,"minecraft:white_bed":1},"minecraft:crafted":{"minecraft:crafting_table":1,"minecraft:spruce_planks":52,"minecraft:stick":8,"minecraft:baked_potato":11,"minecraft:wooden_pickaxe":1,"minecraft:stone_pickaxe":1,"minecraft:wooden_axe":1,"minecraft:spruce_boat":1,"minecraft:stone_axe":1,"minecraft:air":0}},"DataVersion":2975}