{"stats":{"minecraft:used":{"minecraft:diorite":3,"minecraft:stone_pickaxe":4,"minecraft:baked_potato":11,"minecraft:spruce_planks":31,"minecraft:wooden_pickaxe":19,"minecraft:stone_hoe":72,"minecraft:dirt":4,"minecraft:crafting_table":4,"minecraft:carrot":2,"minecraft:white_bed":4,"minecraft:spruce_boat":8,"minecraft:dark_oak_planks":5,"minecraft:wooden_axe":8,"minecraft:bread":4,"minecraft:stone_axe":39,"minecraft:furnace":1},"minecraft:picked_up":{"minecraft:crafting_table":4,"minecraft:leather":2,"minecraft:lily_pad":3,"minecraft:brewing_stand":1,"minecraft:dirt":4,"minecraft:bone":2,"minecraft:spruce_planks":1,"minecraft:beef":8,"minecraft:sugar_cane":63,"minecraft:furnace":2,"minecraft:jungle_planks":1,"minecraft:porkchop":15,"minecraft:carrot":1,"minecraft:spruce_log":7,"minecraft:diorite":3,"minecraft:stripped_spruce_log":6,"minecraft:spruce_sapling":4,"minecraft:blast_furnace":1,"minecraft:white_bed":3,"minecraft:arrow":2,"minecraft:spruce_boat":8,"minecraft:melon_seeds":1,"minecraft:mutton":12,"minecraft:white_wool":8,"minecraft:cobblestone":14},"minecraft:killed":{"minecraft:pig":7,"minecraft:sheep":8,"minecraft:skeleton":1,"minecraft:zombie":2,"minecraft:cow":5},"minecraft:crafted":{"minecraft:crafting_table":1,"minecraft:spruce_planks":52,"minecraft:wooden_pickaxe":1,"minecraft:baked_potato":11,"minecraft:stone_axe":1,"minecraft:air":0,"minecraft:stick":12,"minecraft:iron_ingot":13,"minecraft:stone_pickaxe":1,"minecraft:wooden_axe":1,"minecraft:white_bed":1,"minecraft:spruce_boat":1,"minecraft:dark_oak_planks":20,"minecraft:stone_hoe":1},"minecraft:mined":{"minecraft:spruce_planks":1,"minecraft:white_bed":3,"minecraft:brewing_stand":1,"minecraft:crafting_table":4,"minecraft:blast_furnace":1,"minecraft:grass_block":1,"minecraft:jungle_planks":1,"minecraft:spruce_leaves":76,"minecraft:sugar_cane":29,"minecraft:diorite":3,"minecraft:furnace":2,"minecraft:sweet_berry_bush":1,"minecraft:spruce_log":7,"minecraft:stripped_spruce_log":6,"minecraft:grass":8,"minecraft:dirt":3,"minecraft:packed_ice":2,"minecraft:stone":14},"minecraft:dropped":{"minecraft:wooden_axe":1,"minecraft:melon_seeds":1,"minecraft:wooden_pickaxe":1,"minecraft:lily_pad":2},"minecraft:custom":{"minecraft:interact_with_furnace":8,"minecraft:mob_kills":23,"minecraft:interact_with_crafting_table":7,"minecraft:leave_game":2,"minecraft:time_since_death":40423,"minecraft:sleep_in_bed":3,"minecraft:time_since_rest":2315,"minecraft:sprint_one_cm":166894,"minecraft:damage_taken":351,"minecraft:walk_one_cm":34081,"minecraft:drop":5,"minecraft:damage_dealt":2200,"minecraft:swim_one_cm":53636,"minecraft:fly_one_cm":485224,"minecraft:open_chest":21,"minecraft:crouch_one_cm":650,"minecraft:play_time":40423,"minecraft:sneak_time":233,"minecraft:walk_under_water_one_cm":4107,"minecraft:boat_one_cm":209412,"minecraft:jump":1511,"minecraft:walk_on_water_one_cm":14856,"minecraft:total_world_time":40423,"minecraft:fall_one_cm":43301}},"DataVersion":2975}