{"stats":{"minecraft:picked_up":{"minecraft:crafting_table":4,"minecraft:leather":2,"minecraft:lily_pad":3,"minecraft:brewing_stand":1,"minecraft:dirt":4,"minecraft:beef":8,"minecraft:sugar_cane":62,"minecraft:furnace":2,"minecraft:porkchop":15,"minecraft:jungle_planks":1,"minecraft:spruce_log":7,"minecraft:diorite":3,"minecraft:stripped_spruce_log":6,"minecraft:spruce_sapling":4,"minecraft:blast_furnace":1,"minecraft:white_bed":3,"minecraft:carrot":1,"minecraft:spruce_boat":3,"minecraft:melon_seeds":1,"minecraft:mutton":12,"minecraft:white_wool":8,"minecraft:cobblestone":14},"minecraft:killed":{"minecraft:pig":7,"minecraft:sheep":8,"minecraft:zombie":2,"minecraft:cow":5},"minecraft:mined":{"minecraft:spruce_planks":1,"minecraft:white_bed":3,"minecraft:brewing_stand":1,"minecraft:crafting_table":4,"minecraft:blast_furnace":1,"minecraft:grass_block":1,"minecraft:jungle_planks":1,"minecraft:spruce_leaves":72,"minecraft:sugar_cane":29,"minecraft:diorite":3,"minecraft:furnace":2,"minecraft:spruce_log":7,"minecraft:stripped_spruce_log":6,"minecraft:grass":8,"minecraft:dirt":3,"minecraft:packed_ice":2,"minecraft:stone":14},"minecraft:custom":{"minecraft:interact_with_furnace":4,"minecraft:mob_kills":22,"minecraft:interact_with_crafting_table":5,"minecraft:leave_game":1,"minecraft:time_since_death":32325,"minecraft:sleep_in_bed":2,"minecraft:time_since_rest":14791,"minecraft:sprint_one_cm":139279,"minecraft:damage_taken":200,"minecraft:walk_one_cm":26223,"minecraft:drop":5,"minecraft:damage_dealt":2170,"minecraft:swim_one_cm":43659,"minecraft:fly_one_cm":405483,"minecraft:open_chest":10,"minecraft:crouch_one_cm":640,"minecraft:play_time":32325,"minecraft:sneak_time":190,"minecraft:walk_under_water_one_cm":2015,"minecraft:boat_one_cm":77840,"minecraft:jump":1272,"minecraft:walk_on_water_one_cm":9881,"minecraft:total_world_time":32325,"minecraft:fall_one_cm":39899},"minecraft:dropped":{"minecraft:wooden_axe":1,"minecraft:melon_seeds":1,"minecraft:wooden_pickaxe":1,"minecraft:lily_pad":2},"minecraft:used":{"minecraft:diorite":3,"minecraft:stone_pickaxe":4,"minecraft:baked_potato":8,"minecraft:spruce_planks":31,"minecraft:wooden_pickaxe":19,"minecraft:stone_hoe":72,"minecraft:dirt":4,"minecraft:crafting_table":4,"minecraft:carrot":1,"minecraft:white_bed":2,"minecraft:spruce_boat":4,"minecraft:wooden_axe":8,"minecraft:dark_oak_planks":5,"minecraft:bread":4,"minecraft:stone_axe":33,"minecraft:furnace":1},"minecraft:crafted":{"minecraft:crafting_table":1,"minecraft:spruce_planks":52,"minecraft:wooden_pickaxe":1,"minecraft:baked_potato":11,"minecraft:stone_axe":1,"minecraft:air":0,"minecraft:stick":12,"minecraft:stone_pickaxe":1,"minecraft:wooden_axe":1,"minecraft:spruce_boat":1,"minecraft:dark_oak_planks":20,"minecraft:stone_hoe":1}},"DataVersion":2975}