{"stats":{"minecraft:picked_up":{"minecraft:white_bed":1,"minecraft:carrot":1},"minecraft:mined":{"minecraft:grass":1,"minecraft:white_bed":1},"minecraft:custom":{"minecraft:jump":96,"minecraft:time_since_rest":2325,"minecraft:sprint_one_cm":9297,"minecraft:leave_game":1,"minecraft:play_time":2325,"minecraft:damage_taken":20,"minecraft:time_since_death":2325,"minecraft:walk_one_cm":880,"minecraft:total_world_time":2325,"minecraft:fall_one_cm":3121,"minecraft:fly_one_cm":32656},"minecraft:used":{"minecraft:carrot":1}},"DataVersion":2975}