{"stats":{"minecraft:picked_up":{"minecraft:crafting_table":6,"minecraft:andesite":2,"minecraft:dirt":3,"minecraft:string":1,"minecraft:paper":6,"minecraft:bone":3,"minecraft:spruce_planks":3,"minecraft:iron_ingot":6,"minecraft:iron_pickaxe":1,"minecraft:sugar_cane":8,"minecraft:chest":1,"minecraft:furnace":1,"minecraft:stick":2,"minecraft:raw_iron":63,"minecraft:gravel":1,"minecraft:carrot":1,"minecraft:white_bed":3,"minecraft:spruce_log":24,"minecraft:rabbit_foot":1,"minecraft:arrow":5,"minecraft:rotten_flesh":6,"minecraft:gray_wool":1,"minecraft:emerald":1,"minecraft:mutton":3,"minecraft:white_wool":2,"minecraft:coal":57,"minecraft:rail":1,"minecraft:cobblestone":62},"minecraft:killed":{"minecraft:spider":1,"minecraft:iron_golem":1,"minecraft:skeleton":4,"minecraft:sheep":2,"minecraft:zombie":10},"minecraft:mined":{"minecraft:spruce_planks":3,"minecraft:white_bed":3,"minecraft:crafting_table":6,"minecraft:emerald_ore":1,"minecraft:grass_block":1,"minecraft:chest":1,"minecraft:cobblestone":8,"minecraft:spruce_leaves":4,"minecraft:sugar_cane":1,"minecraft:furnace":1,"minecraft:iron_ore":57,"minecraft:spruce_log":23,"minecraft:andesite":3,"minecraft:grass":2,"minecraft:coal_ore":30,"minecraft:gravel":3,"minecraft:dirt":2,"minecraft:stone":49,"minecraft:fern":1},"minecraft:custom":{"minecraft:interact_with_furnace":19,"minecraft:mob_kills":18,"minecraft:interact_with_crafting_table":13,"minecraft:time_since_death":29068,"minecraft:time_since_rest":29068,"minecraft:sprint_one_cm":88844,"minecraft:damage_taken":520,"minecraft:walk_one_cm":56297,"minecraft:damage_blocked_by_shield":130,"minecraft:drop":4,"minecraft:damage_dealt":4592,"minecraft:swim_one_cm":2007,"minecraft:fly_one_cm":211891,"minecraft:player_kills":2,"minecraft:open_chest":2,"minecraft:crouch_one_cm":10280,"minecraft:play_time":29068,"minecraft:sneak_time":3432,"minecraft:walk_under_water_one_cm":1424,"minecraft:boat_one_cm":24846,"minecraft:jump":858,"minecraft:walk_on_water_one_cm":3319,"minecraft:total_world_time":29068,"minecraft:fall_one_cm":20704},"minecraft:dropped":{"minecraft:rabbit_foot":1,"minecraft:chest":1,"minecraft:iron_pickaxe":1,"minecraft:white_wool":2},"minecraft:used":{"minecraft:shield":4,"minecraft:spruce_planks":14,"minecraft:wooden_pickaxe":4,"minecraft:iron_sword":60,"minecraft:rotten_flesh":3,"minecraft:glow_berries":9,"minecraft:crafting_table":6,"minecraft:white_bed":1,"minecraft:spruce_boat":1,"minecraft:wooden_axe":11,"minecraft:bread":8,"minecraft:iron_pickaxe":148,"minecraft:iron_boots":1,"minecraft:stone_axe":32,"minecraft:cobblestone":28,"minecraft:furnace":1},"minecraft:crafted":{"minecraft:crafting_table":1,"minecraft:spruce_planks":96,"minecraft:iron_helmet":1,"minecraft:wooden_pickaxe":1,"minecraft:iron_sword":1,"minecraft:furnace":1,"minecraft:stone_axe":1,"minecraft:air":0,"minecraft:iron_boots":1,"minecraft:iron_chestplate":1,"minecraft:shield":2,"minecraft:stick":8,"minecraft:iron_ingot":18,"minecraft:iron_pickaxe":1,"minecraft:wooden_axe":1,"minecraft:iron_leggings":1,"minecraft:spruce_boat":1}},"DataVersion":2975}