{"stats":{"minecraft:picked_up":{"minecraft:wooden_axe":1,"minecraft:iron_chestplate":1,"minecraft:crafting_table":8,"minecraft:gold_block":2,"minecraft:shield":1,"minecraft:string":3,"minecraft:moss_carpet":2,"minecraft:flint_and_steel":1,"minecraft:cobbled_deepslate":10,"minecraft:spruce_planks":3,"minecraft:iron_pickaxe":1,"minecraft:sugar_cane":8,"minecraft:chest":1,"minecraft:furnace":2,"minecraft:tipped_arrow":1,"minecraft:stick":3,"minecraft:raw_iron":148,"minecraft:diorite":15,"minecraft:carrot":1,"minecraft:redstone":66,"minecraft:rabbit_foot":1,"minecraft:arrow":5,"minecraft:rotten_flesh":8,"minecraft:polished_blackstone":9,"minecraft:mutton":3,"minecraft:obsidian":6,"minecraft:bone_block":19,"minecraft:white_wool":2,"minecraft:rail":5,"minecraft:cobblestone":135,"minecraft:basalt":64,"minecraft:andesite":2,"minecraft:leather":6,"minecraft:flint":2,"minecraft:tuff":16,"minecraft:gunpowder":5,"minecraft:dirt":225,"minecraft:paper":6,"minecraft:bone":3,"minecraft:wheat_seeds":4,"minecraft:raw_gold":5,"minecraft:iron_ingot":6,"minecraft:powered_rail":6,"minecraft:pumpkin":1,"minecraft:sweet_berries":64,"minecraft:quartz":26,"minecraft:gravel":16,"minecraft:white_bed":3,"minecraft:spruce_log":31,"minecraft:spider_eye":1,"minecraft:diamond":50,"minecraft:lever":19,"minecraft:iron_helmet":1,"minecraft:granite":12,"minecraft:gray_wool":1,"minecraft:emerald":1,"minecraft:netherrack":26,"minecraft:coal":95},"minecraft:killed":{"minecraft:spider":2,"minecraft:skeleton":5,"minecraft:magma_cube":8,"minecraft:iron_golem":1,"minecraft:creeper":3,"minecraft:sheep":2,"minecraft:zombie":12,"minecraft:stray":1},"minecraft:mined":{"minecraft:diamond_ore":2,"minecraft:tuff":16,"minecraft:spruce_planks":3,"minecraft:white_bed":3,"minecraft:deepslate_diamond_ore":48,"minecraft:obsidian":6,"minecraft:lever":1,"minecraft:granite":6,"minecraft:grass_block":17,"minecraft:spruce_leaves":5,"minecraft:magma_block":1,"minecraft:redstone_ore":6,"minecraft:furnace":2,"minecraft:iron_ore":78,"minecraft:andesite":3,"minecraft:gold_block":2,"minecraft:rail":4,"minecraft:deepslate_iron_ore":1,"minecraft:stone":115,"minecraft:bone_block":19,"minecraft:deepslate_redstone_ore":9,"minecraft:blackstone":68,"minecraft:basalt":258,"minecraft:crafting_table":8,"minecraft:emerald_ore":1,"minecraft:chest":1,"minecraft:nether_quartz_ore":36,"minecraft:cobblestone":18,"minecraft:deepslate_gold_ore":5,"minecraft:sugar_cane":1,"minecraft:diorite":16,"minecraft:powered_rail":6,"minecraft:spruce_log":30,"minecraft:grass":9,"minecraft:coal_ore":49,"minecraft:gravel":21,"minecraft:dirt":8,"minecraft:polished_blackstone":13,"minecraft:netherrack":187,"minecraft:gold_ore":2,"minecraft:deepslate":10,"minecraft:fern":1},"minecraft:custom":{"minecraft:mob_kills":34,"minecraft:inspect_hopper":2,"minecraft:interact_with_crafting_table":33,"minecraft:leave_game":3,"minecraft:time_since_death":45317,"minecraft:sprint_one_cm":202911,"minecraft:walk_one_cm":143275,"minecraft:damage_blocked_by_shield":180,"minecraft:drop":87,"minecraft:play_time":91736,"minecraft:deaths":1,"minecraft:sneak_time":16128,"minecraft:walk_under_water_one_cm":1518,"minecraft:boat_one_cm":24846,"minecraft:jump":2001,"minecraft:walk_on_water_one_cm":8278,"minecraft:total_world_time":91736,"minecraft:interact_with_furnace":34,"minecraft:sleep_in_bed":1,"minecraft:time_since_rest":45546,"minecraft:damage_taken":1451,"minecraft:damage_absorbed":10,"minecraft:damage_dealt":6528,"minecraft:swim_one_cm":2907,"minecraft:fly_one_cm":606824,"minecraft:player_kills":2,"minecraft:open_chest":23,"minecraft:crouch_one_cm":69285,"minecraft:fall_one_cm":51129},"minecraft:dropped":{"minecraft:bread":2,"minecraft:iron_ingot":2,"minecraft:diamond":16,"minecraft:cooked_porkchop":81,"minecraft:iron_helmet":2,"minecraft:granite":12,"minecraft:coal":11,"minecraft:stick":3,"minecraft:iron_leggings":1,"minecraft:pumpkin":1,"minecraft:iron_pickaxe":1,"minecraft:white_wool":2,"minecraft:gravel":3,"minecraft:iron_nugget":13,"minecraft:cobbled_deepslate":5,"minecraft:raw_iron":80,"minecraft:iron_boots":2,"minecraft:rabbit_foot":1,"minecraft:flint_and_steel":1,"minecraft:shield":3,"minecraft:spruce_planks":17,"minecraft:iron_chestplate":1,"minecraft:chest":1,"minecraft:basalt":52,"minecraft:netherrack":10},"minecraft:used":{"minecraft:flint_and_steel":2,"minecraft:polished_blackstone":28,"minecraft:chest":10,"minecraft:spruce_planks":14,"minecraft:shield":5,"minecraft:iron_sword":98,"minecraft:stone_hoe":30,"minecraft:rotten_flesh":3,"minecraft:torch":3,"minecraft:dirt":161,"minecraft:hopper":60,"minecraft:carrot":1,"minecraft:obsidian":23,"minecraft:spruce_boat":1,"minecraft:wooden_axe":11,"minecraft:lava_bucket":9,"minecraft:iron_axe":2,"minecraft:iron_boots":1,"minecraft:basalt":12,"minecraft:deepslate_diamond_ore":44,"minecraft:furnace":23,"minecraft:cobbled_deepslate":5,"minecraft:wheat_seeds":4,"minecraft:cooked_mutton":3,"minecraft:water_bucket":6,"minecraft:diorite":2,"minecraft:powered_rail":50,"minecraft:wooden_pickaxe":4,"minecraft:diamond_axe":8,"minecraft:golden_apple":1,"minecraft:glow_berries":11,"minecraft:rail":8,"minecraft:crafting_table":11,"minecraft:white_bed":3,"minecraft:lever":5,"minecraft:diamond_pickaxe":758,"minecraft:bread":8,"minecraft:iron_pickaxe":233,"minecraft:deepslate":4,"minecraft:gravel":13,"minecraft:stone_axe":32,"minecraft:diamond_sword":4,"minecraft:cobblestone":190,"minecraft:cooked_porkchop":7,"minecraft:bucket":15,"minecraft:andesite":2},"minecraft:crafted":{"minecraft:furnace":23,"minecraft:cooked_mutton":3,"minecraft:flint_and_steel":2,"minecraft:diamond_helmet":1,"minecraft:diamond_leggings":1,"minecraft:iron_boots":2,"minecraft:polished_blackstone":64,"minecraft:chest":6,"minecraft:diamond_boots":1,"minecraft:spruce_boat":1,"minecraft:stone_hoe":1,"minecraft:diamond_sword":1,"minecraft:diamond_axe":1,"minecraft:crafting_table":3,"minecraft:spruce_planks":124,"minecraft:wooden_pickaxe":1,"minecraft:iron_helmet":1,"minecraft:iron_sword":1,"minecraft:bucket":1,"minecraft:stone_axe":1,"minecraft:air":0,"minecraft:iron_chestplate":1,"minecraft:diamond_pickaxe":1,"minecraft:shield":2,"minecraft:stick":20,"minecraft:iron_pickaxe":2,"minecraft:iron_ingot":23,"minecraft:wooden_axe":1,"minecraft:iron_leggings":1,"minecraft:torch":8,"minecraft:diamond_chestplate":1}},"DataVersion":2975}