{"stats":{"minecraft:picked_up":{"minecraft:wooden_axe":1,"minecraft:crafting_table":6,"minecraft:andesite":2,"minecraft:leather":6,"minecraft:flint":1,"minecraft:dirt":225,"minecraft:string":3,"minecraft:paper":6,"minecraft:moss_carpet":2,"minecraft:bone":3,"minecraft:wheat_seeds":4,"minecraft:spruce_planks":3,"minecraft:iron_ingot":6,"minecraft:iron_pickaxe":1,"minecraft:sugar_cane":8,"minecraft:chest":1,"minecraft:furnace":1,"minecraft:tipped_arrow":1,"minecraft:stick":3,"minecraft:raw_iron":84,"minecraft:gravel":13,"minecraft:spider_eye":1,"minecraft:diorite":2,"minecraft:carrot":1,"minecraft:white_bed":3,"minecraft:spruce_log":24,"minecraft:redstone":26,"minecraft:rabbit_foot":1,"minecraft:arrow":5,"minecraft:rotten_flesh":6,"minecraft:diamond":2,"minecraft:gray_wool":1,"minecraft:emerald":1,"minecraft:mutton":3,"minecraft:white_wool":2,"minecraft:coal":57,"minecraft:rail":1,"minecraft:cobblestone":93},"minecraft:killed":{"minecraft:spider":1,"minecraft:iron_golem":1,"minecraft:skeleton":4,"minecraft:sheep":2,"minecraft:zombie":10,"minecraft:stray":1},"minecraft:mined":{"minecraft:diamond_ore":2,"minecraft:spruce_planks":3,"minecraft:white_bed":3,"minecraft:crafting_table":6,"minecraft:emerald_ore":1,"minecraft:grass_block":17,"minecraft:chest":1,"minecraft:cobblestone":9,"minecraft:spruce_leaves":4,"minecraft:sugar_cane":1,"minecraft:redstone_ore":6,"minecraft:furnace":1,"minecraft:iron_ore":78,"minecraft:spruce_log":23,"minecraft:andesite":3,"minecraft:grass":4,"minecraft:coal_ore":30,"minecraft:deepslate_iron_ore":1,"minecraft:gravel":16,"minecraft:dirt":8,"minecraft:stone":80,"minecraft:gold_ore":2,"minecraft:fern":1},"minecraft:custom":{"minecraft:interact_with_furnace":29,"minecraft:mob_kills":19,"minecraft:interact_with_crafting_table":17,"minecraft:leave_game":1,"minecraft:time_since_death":45821,"minecraft:sleep_in_bed":1,"minecraft:time_since_rest":5441,"minecraft:sprint_one_cm":129060,"minecraft:damage_absorbed":10,"minecraft:damage_taken":740,"minecraft:walk_one_cm":81839,"minecraft:damage_blocked_by_shield":180,"minecraft:drop":7,"minecraft:damage_dealt":4852,"minecraft:swim_one_cm":2907,"minecraft:fly_one_cm":308125,"minecraft:player_kills":2,"minecraft:open_chest":2,"minecraft:crouch_one_cm":26614,"minecraft:play_time":45821,"minecraft:sneak_time":7094,"minecraft:walk_under_water_one_cm":1518,"minecraft:boat_one_cm":24846,"minecraft:jump":1286,"minecraft:walk_on_water_one_cm":7940,"minecraft:total_world_time":45821,"minecraft:fall_one_cm":33842},"minecraft:dropped":{"minecraft:iron_boots":1,"minecraft:rabbit_foot":1,"minecraft:stick":1,"minecraft:shield":1,"minecraft:chest":1,"minecraft:iron_pickaxe":1,"minecraft:white_wool":2},"minecraft:used":{"minecraft:wheat_seeds":4,"minecraft:cooked_mutton":3,"minecraft:water_bucket":6,"minecraft:diorite":2,"minecraft:flint_and_steel":1,"minecraft:shield":5,"minecraft:spruce_planks":14,"minecraft:wooden_pickaxe":4,"minecraft:iron_sword":64,"minecraft:stone_hoe":30,"minecraft:rotten_flesh":3,"minecraft:golden_apple":1,"minecraft:glow_berries":11,"minecraft:dirt":159,"minecraft:crafting_table":7,"minecraft:carrot":1,"minecraft:white_bed":3,"minecraft:spruce_boat":1,"minecraft:wooden_axe":11,"minecraft:lava_bucket":9,"minecraft:bread":8,"minecraft:iron_pickaxe":215,"minecraft:iron_boots":1,"minecraft:gravel":13,"minecraft:stone_axe":32,"minecraft:cobblestone":78,"minecraft:furnace":2,"minecraft:andesite":2,"minecraft:bucket":15},"minecraft:crafted":{"minecraft:crafting_table":1,"minecraft:spruce_planks":96,"minecraft:iron_helmet":1,"minecraft:wooden_pickaxe":1,"minecraft:iron_sword":1,"minecraft:furnace":1,"minecraft:bucket":1,"minecraft:stone_axe":1,"minecraft:cooked_mutton":3,"minecraft:air":0,"minecraft:flint_and_steel":1,"minecraft:iron_boots":2,"minecraft:iron_chestplate":1,"minecraft:shield":2,"minecraft:stick":12,"minecraft:iron_ingot":23,"minecraft:iron_pickaxe":1,"minecraft:wooden_axe":1,"minecraft:iron_leggings":1,"minecraft:spruce_boat":1,"minecraft:stone_hoe":1}},"DataVersion":2975}