{"stats":{"minecraft:picked_up":{"minecraft:wooden_axe":1,"minecraft:iron_chestplate":1,"minecraft:redstone_block":640,"minecraft:ender_chest":154,"minecraft:smithing_table":1,"minecraft:infested_stone":1150,"minecraft:crimson_planks":64,"minecraft:string":13,"minecraft:sticky_piston":6,"minecraft:oak_sign":1,"minecraft:diamond_leggings":1,"minecraft:cobbled_deepslate":155,"minecraft:comparator":2,"minecraft:spruce_planks":131,"minecraft:redstone_torch":577,"minecraft:iron_pickaxe":1,"minecraft:furnace":2,"minecraft:diamond_ore":64,"minecraft:tipped_arrow":3,"minecraft:stick":14,"minecraft:polished_blackstone_stairs":1,"minecraft:torch":474,"minecraft:snow_block":576,"minecraft:diorite":15,"minecraft:warped_planks":64,"minecraft:rabbit_foot":1,"minecraft:rotten_flesh":61,"minecraft:obsidian":489,"minecraft:snowball":99,"minecraft:cobblestone":794,"minecraft:repeater":1,"minecraft:andesite":27,"minecraft:potato":1,"minecraft:flint":2,"minecraft:tuff":17,"minecraft:wither_skeleton_skull":192,"minecraft:lapis_lazuli":99,"minecraft:dirt":1771,"minecraft:lantern":4,"minecraft:glass":758,"minecraft:bone":14,"minecraft:acacia_planks":128,"minecraft:wheat_seeds":5,"minecraft:raw_gold":5,"minecraft:bamboo":224,"minecraft:powered_rail":6,"minecraft:oak_planks":182,"minecraft:cooked_porkchop":572,"minecraft:polished_blackstone_slab":23,"minecraft:jungle_planks":128,"minecraft:grass_block":1,"minecraft:dispenser":1,"minecraft:diamond":74,"minecraft:slime_block":1,"minecraft:lever":23,"minecraft:granite":187,"minecraft:golden_apple":192,"minecraft:emerald":1,"minecraft:bread":937,"minecraft:oak_sapling":64,"minecraft:netherrack":26,"minecraft:nether_star":36,"minecraft:diamond_pickaxe":1,"minecraft:crafting_table":10,"minecraft:ladder":114,"minecraft:packed_ice":30,"minecraft:wooden_pickaxe":1,"minecraft:infested_cobblestone":873,"minecraft:gold_block":2,"minecraft:shield":2,"minecraft:moss_carpet":2,"minecraft:flint_and_steel":1,"minecraft:item_frame":210,"minecraft:white_carpet":750,"minecraft:deepslate_diamond_ore":128,"minecraft:observer":137,"minecraft:spruce_slab":6,"minecraft:birch_sapling":128,"minecraft:sugar_cane":12,"minecraft:chest":259,"minecraft:raw_iron":191,"minecraft:stone":6,"minecraft:carrot":1,"minecraft:redstone":876,"minecraft:dark_oak_planks":176,"minecraft:tnt":384,"minecraft:arrow":19,"minecraft:pumpkin_pie":381,"minecraft:polished_blackstone":170,"minecraft:mutton":7,"minecraft:rail":5,"minecraft:bone_block":19,"minecraft:white_wool":2,"minecraft:basalt":64,"minecraft:golden_carrot":576,"minecraft:leather":201,"minecraft:birch_planks":64,"minecraft:ice":626,"minecraft:gunpowder":31,"minecraft:paper":6,"minecraft:stone_bricks":1152,"minecraft:iron_ingot":32,"minecraft:scaffolding":8,"minecraft:dark_oak_slab":64,"minecraft:pumpkin":1,"minecraft:sweet_berries":704,"minecraft:quartz":26,"minecraft:gravel":26,"minecraft:spruce_sapling":65,"minecraft:white_bed":3,"minecraft:spruce_log":37,"minecraft:gold_ore":103,"minecraft:spider_eye":13,"minecraft:firework_rocket":265,"minecraft:coal_ore":128,"minecraft:honey_block":5,"minecraft:iron_helmet":1,"minecraft:painting":1,"minecraft:gray_wool":1,"minecraft:baked_potato":24,"minecraft:coal":150,"minecraft:hopper":32,"minecraft:ender_pearl":2},"minecraft:killed":{"minecraft:spider":11,"minecraft:skeleton":10,"minecraft:magma_cube":8,"minecraft:iron_golem":1,"minecraft:creeper":11,"minecraft:sheep":3,"minecraft:zombie":45,"minecraft:stray":5,"minecraft:phantom":1,"minecraft:enderman":1},"minecraft:mined":{"minecraft:spruce_planks":3,"minecraft:white_bed":3,"minecraft:obsidian":6,"minecraft:granite":217,"minecraft:grass_block":670,"minecraft:hopper":36,"minecraft:magma_block":1,"minecraft:iron_ore":88,"minecraft:sticky_piston":6,"minecraft:cobbled_deepslate":5,"minecraft:deepslate_redstone_ore":9,"minecraft:blackstone":68,"minecraft:chest":5,"minecraft:glass":2,"minecraft:nether_quartz_ore":36,"minecraft:cobblestone":20,"minecraft:slime_block":1,"minecraft:sugar_cane":1,"minecraft:wall_torch":1,"minecraft:powered_rail":6,"minecraft:grass":15,"minecraft:dirt":709,"minecraft:dispenser":1,"minecraft:netherrack":187,"minecraft:deepslate":10,"minecraft:diamond_ore":13,"minecraft:tuff":16,"minecraft:deepslate_diamond_ore":48,"minecraft:lever":2,"minecraft:spruce_leaves":13,"minecraft:redstone_ore":6,"minecraft:furnace":2,"minecraft:snow":35,"minecraft:andesite":28,"minecraft:gold_block":2,"minecraft:deepslate_iron_ore":1,"minecraft:rail":4,"minecraft:stone":1464,"minecraft:bone_block":19,"minecraft:ender_chest":3,"minecraft:smithing_table":1,"minecraft:scaffolding":4,"minecraft:basalt":258,"minecraft:observer":10,"minecraft:crafting_table":10,"minecraft:honey_block":5,"minecraft:emerald_ore":1,"minecraft:deepslate_gold_ore":5,"minecraft:diorite":16,"minecraft:polished_blackstone_slab":17,"minecraft:polished_blackstone_stairs":1,"minecraft:sweet_berry_bush":2,"minecraft:ice":4,"minecraft:white_carpet":1,"minecraft:spruce_log":36,"minecraft:coal_ore":61,"minecraft:gravel":82,"minecraft:polished_blackstone":222,"minecraft:gold_ore":2,"minecraft:fern":1},"minecraft:custom":{"minecraft:interact_with_crafting_table":41,"minecraft:leave_game":16,"minecraft:time_since_death":447324,"minecraft:sprint_one_cm":720106,"minecraft:damage_blocked_by_shield":255,"minecraft:drop":746,"minecraft:play_time":493743,"minecraft:deaths":1,"minecraft:jump":5674,"minecraft:walk_on_water_one_cm":58777,"minecraft:interact_with_furnace":91,"minecraft:sleep_in_bed":1,"minecraft:open_enderchest":7,"minecraft:damage_dealt":19502,"minecraft:player_kills":3,"minecraft:crouch_one_cm":274004,"minecraft:inspect_dispenser":12,"minecraft:interact_with_smithing_table":2,"minecraft:inspect_dropper":3,"minecraft:mob_kills":96,"minecraft:interact_with_anvil":3,"minecraft:inspect_hopper":479,"minecraft:climb_one_cm":32953,"minecraft:walk_one_cm":817513,"minecraft:sneak_time":57310,"minecraft:walk_under_water_one_cm":32683,"minecraft:boat_one_cm":24846,"minecraft:total_world_time":493743,"minecraft:time_since_rest":447553,"minecraft:damage_taken":2360,"minecraft:damage_absorbed":10,"minecraft:swim_one_cm":7271,"minecraft:fly_one_cm":2299130,"minecraft:open_chest":638,"minecraft:fall_one_cm":117702},"minecraft:dropped":{"minecraft:gold_ore":128,"minecraft:birch_planks":128,"minecraft:lapis_lazuli":482,"minecraft:baked_potato":202,"minecraft:ender_pearl":224,"minecraft:diamond":16,"minecraft:nether_star":54,"minecraft:crafting_table":256,"minecraft:cooked_porkchop":1266,"minecraft:dark_oak_slab":64,"minecraft:leather":318,"minecraft:jungle_planks":128,"minecraft:dirt":711,"minecraft:packed_ice":320,"minecraft:ice":896,"minecraft:dispenser":53,"minecraft:netherite_boots":1,"minecraft:snowball":79,"minecraft:pumpkin_pie":609,"minecraft:bone_block":19,"minecraft:polished_blackstone_slab":383,"minecraft:iron_pickaxe":2,"minecraft:dark_oak_planks":176,"minecraft:white_wool":2,"minecraft:bone":47,"minecraft:gravel":3,"minecraft:sugar_cane":69,"minecraft:lever":15,"minecraft:iron_nugget":13,"minecraft:cobbled_deepslate":970,"minecraft:birch_sapling":128,"minecraft:obsidian":576,"minecraft:rotten_flesh":42,"minecraft:oak_planks":182,"minecraft:rabbit_foot":1,"minecraft:warped_planks":128,"minecraft:tipped_arrow":1,"minecraft:gunpowder":645,"minecraft:coal_ore":128,"minecraft:hopper":143,"minecraft:ladder":498,"minecraft:chest":1263,"minecraft:spruce_slab":4,"minecraft:basalt":52,"minecraft:arrow":74,"minecraft:glass":1106,"minecraft:scaffolding":8,"minecraft:infested_cobblestone":1074,"minecraft:netherrack":10,"minecraft:firework_rocket":640,"minecraft:crimson_planks":128,"minecraft:iron_ingot":641,"minecraft:bread":1259,"minecraft:tnt":640,"minecraft:polished_blackstone":326,"minecraft:deepslate_diamond_ore":128,"minecraft:diamond_leggings":1,"minecraft:netherite_chestplate":1,"minecraft:netherite_helmet":1,"minecraft:iron_helmet":2,"minecraft:cobblestone":704,"minecraft:observer":235,"minecraft:granite":169,"minecraft:coal":66,"minecraft:golden_apple":192,"minecraft:coal_block":64,"minecraft:stick":14,"minecraft:golden_carrot":576,"minecraft:torch":522,"minecraft:repeater":1,"minecraft:iron_leggings":1,"minecraft:pumpkin":1,"minecraft:string":5,"minecraft:acacia_planks":128,"minecraft:redstone_block":768,"minecraft:spruce_sapling":129,"minecraft:redstone":963,"minecraft:snow_block":576,"minecraft:anvil":191,"minecraft:sweet_berries":704,"minecraft:ender_chest":201,"minecraft:netherite_ingot":128,"minecraft:tuff":1,"minecraft:raw_iron":865,"minecraft:white_carpet":56,"minecraft:wither_skeleton_skull":192,"minecraft:iron_boots":2,"minecraft:comparator":1,"minecraft:diamond_ore":128,"minecraft:netherite_leggings":1,"minecraft:flint_and_steel":1,"minecraft:potato":1,"minecraft:stone":4,"minecraft:shield":4,"minecraft:spruce_planks":160,"minecraft:iron_chestplate":1,"minecraft:diamond_pickaxe":3,"minecraft:andesite":25,"minecraft:oak_sapling":128,"minecraft:infested_stone":1216,"minecraft:redstone_torch":768,"minecraft:spider_eye":10,"minecraft:stone_bricks":1280,"minecraft:bamboo":368,"minecraft:wooden_pickaxe":1},"minecraft:used":{"minecraft:dispenser":12,"minecraft:polished_blackstone":1932,"minecraft:oak_sign":2,"minecraft:chest":36,"minecraft:shield":7,"minecraft:stone":33,"minecraft:iron_sword":98,"minecraft:rotten_flesh":3,"minecraft:carrot":1,"minecraft:obsidian":111,"minecraft:spruce_boat":1,"minecraft:polished_blackstone_slab":903,"minecraft:glass":74,"minecraft:packed_ice":2,"minecraft:honey_block":5,"minecraft:lava_bucket":9,"minecraft:hopper_minecart":21,"minecraft:stone_bricks":10,"minecraft:item_frame":207,"minecraft:bedrock":1,"minecraft:deepslate_diamond_ore":44,"minecraft:repeater":30,"minecraft:scaffolding":96,"minecraft:furnace":23,"minecraft:polished_blackstone_stairs":3,"minecraft:diorite":2,"minecraft:diamond_boots":3,"minecraft:powered_rail":54,"minecraft:ender_pearl":17,"minecraft:wooden_pickaxe":4,"minecraft:diamond_axe":20,"minecraft:golden_apple":1,"minecraft:glow_berries":11,"minecraft:sponge":2,"minecraft:redstone_torch":4,"minecraft:sticky_piston":7,"minecraft:lever":11,"minecraft:bread":8,"minecraft:deepslate":4,"minecraft:diamond_ore":11,"minecraft:gravel":19,"minecraft:diamond_sword":201,"minecraft:smithing_table":1,"minecraft:andesite":2,"minecraft:birch_log":10,"minecraft:netherite_sword":5,"minecraft:enchanting_table":1,"minecraft:acacia_log":2,"minecraft:flint_and_steel":9,"minecraft:redstone":199,"minecraft:spruce_planks":28,"minecraft:ender_chest":3,"minecraft:stone_hoe":30,"minecraft:torch":183,"minecraft:dirt":451,"minecraft:anvil":1,"minecraft:white_carpet":5,"minecraft:hopper":120,"minecraft:diamond_helmet":2,"minecraft:granite":30,"minecraft:wooden_axe":11,"minecraft:bookshelf":27,"minecraft:iron_axe":2,"minecraft:slime_block":3,"minecraft:iron_boots":1,"minecraft:diamond_chestplate":2,"minecraft:basalt":12,"minecraft:netherite_pickaxe":17,"minecraft:cobbled_deepslate":5,"minecraft:observer":23,"minecraft:wheat_seeds":4,"minecraft:cooked_mutton":3,"minecraft:water_bucket":84,"minecraft:baked_potato":14,"minecraft:stripped_dark_oak_log":2,"minecraft:rail":14,"minecraft:comparator":5,"minecraft:crafting_table":14,"minecraft:white_bed":3,"minecraft:campfire":119,"minecraft:spruce_log":1,"minecraft:diamond_pickaxe":2664,"minecraft:diamond_shovel":1445,"minecraft:iron_pickaxe":233,"minecraft:netherite_axe":1,"minecraft:stone_axe":32,"minecraft:cobblestone":204,"minecraft:cooked_porkchop":14,"minecraft:bucket":22,"minecraft:pumpkin_pie":15,"minecraft:diamond_leggings":2},"minecraft:crafted":{"minecraft:polished_blackstone_slab":54,"minecraft:lever":1,"minecraft:cooked_mutton":3,"minecraft:diamond_helmet":2,"minecraft:diamond_leggings":2,"minecraft:iron_boots":2,"minecraft:polished_blackstone":64,"minecraft:chest":6,"minecraft:stone_hoe":1,"minecraft:diamond_axe":1,"minecraft:crafting_table":4,"minecraft:spruce_planks":148,"minecraft:wooden_pickaxe":1,"minecraft:iron_helmet":1,"minecraft:smithing_table":1,"minecraft:iron_chestplate":1,"minecraft:diamond_pickaxe":1,"minecraft:shield":3,"minecraft:stick":24,"minecraft:iron_pickaxe":2,"minecraft:iron_ingot":24,"minecraft:furnace":23,"minecraft:flint_and_steel":2,"minecraft:netherite_chestplate":1,"minecraft:diamond_boots":2,"minecraft:spruce_boat":1,"minecraft:diamond_sword":1,"minecraft:iron_sword":1,"minecraft:polished_blackstone_stairs":4,"minecraft:bucket":1,"minecraft:stone_axe":1,"minecraft:air":0,"minecraft:wooden_axe":1,"minecraft:iron_leggings":1,"minecraft:torch":8,"minecraft:diamond_chestplate":2}},"DataVersion":2975}