{"stats":{"minecraft:picked_up":{"minecraft:wooden_axe":1,"minecraft:crafting_table":9,"minecraft:iron_chestplate":1,"minecraft:wooden_pickaxe":1,"minecraft:gold_block":2,"minecraft:shield":1,"minecraft:string":6,"minecraft:moss_carpet":2,"minecraft:flint_and_steel":1,"minecraft:sticky_piston":6,"minecraft:white_carpet":750,"minecraft:diamond_leggings":1,"minecraft:cobbled_deepslate":15,"minecraft:comparator":1,"minecraft:spruce_planks":3,"minecraft:observer":73,"minecraft:iron_pickaxe":1,"minecraft:spruce_slab":6,"minecraft:sugar_cane":8,"minecraft:chest":5,"minecraft:furnace":2,"minecraft:tipped_arrow":3,"minecraft:stick":14,"minecraft:raw_iron":165,"minecraft:polished_blackstone_stairs":1,"minecraft:diorite":15,"minecraft:carrot":1,"minecraft:redstone":69,"minecraft:rabbit_foot":1,"minecraft:arrow":16,"minecraft:rotten_flesh":47,"minecraft:polished_blackstone":168,"minecraft:obsidian":6,"minecraft:mutton":3,"minecraft:bone_block":19,"minecraft:snowball":99,"minecraft:rail":5,"minecraft:white_wool":2,"minecraft:cobblestone":794,"minecraft:basalt":64,"minecraft:repeater":1,"minecraft:andesite":27,"minecraft:leather":6,"minecraft:potato":1,"minecraft:flint":2,"minecraft:tuff":17,"minecraft:gunpowder":5,"minecraft:lapis_lazuli":58,"minecraft:dirt":1707,"minecraft:paper":6,"minecraft:bone":10,"minecraft:wheat_seeds":5,"minecraft:raw_gold":5,"minecraft:iron_ingot":7,"minecraft:powered_rail":6,"minecraft:scaffolding":8,"minecraft:pumpkin":1,"minecraft:sweet_berries":64,"minecraft:quartz":26,"minecraft:gravel":26,"minecraft:polished_blackstone_slab":23,"minecraft:spruce_sapling":1,"minecraft:grass_block":1,"minecraft:white_bed":3,"minecraft:spruce_log":37,"minecraft:spider_eye":9,"minecraft:dispenser":1,"minecraft:diamond":50,"minecraft:slime_block":1,"minecraft:lever":23,"minecraft:honey_block":5,"minecraft:iron_helmet":1,"minecraft:granite":187,"minecraft:gray_wool":1,"minecraft:emerald":1,"minecraft:netherrack":26,"minecraft:coal":150,"minecraft:hopper":27,"minecraft:ender_pearl":1,"minecraft:diamond_pickaxe":1},"minecraft:killed":{"minecraft:spider":7,"minecraft:phantom":1,"minecraft:skeleton":6,"minecraft:magma_cube":8,"minecraft:iron_golem":1,"minecraft:creeper":5,"minecraft:sheep":2,"minecraft:zombie":36,"minecraft:stray":5,"minecraft:enderman":1},"minecraft:mined":{"minecraft:diamond_ore":2,"minecraft:tuff":16,"minecraft:spruce_planks":3,"minecraft:white_bed":3,"minecraft:deepslate_diamond_ore":48,"minecraft:obsidian":6,"minecraft:lever":2,"minecraft:granite":217,"minecraft:grass_block":627,"minecraft:spruce_leaves":13,"minecraft:hopper":36,"minecraft:redstone_ore":6,"minecraft:magma_block":1,"minecraft:furnace":2,"minecraft:iron_ore":88,"minecraft:sticky_piston":6,"minecraft:cobbled_deepslate":5,"minecraft:snow":35,"minecraft:andesite":25,"minecraft:gold_block":2,"minecraft:deepslate_iron_ore":1,"minecraft:rail":4,"minecraft:stone":1454,"minecraft:bone_block":19,"minecraft:deepslate_redstone_ore":9,"minecraft:scaffolding":4,"minecraft:blackstone":68,"minecraft:basalt":258,"minecraft:observer":10,"minecraft:crafting_table":9,"minecraft:honey_block":5,"minecraft:emerald_ore":1,"minecraft:chest":5,"minecraft:nether_quartz_ore":36,"minecraft:glass":2,"minecraft:cobblestone":20,"minecraft:slime_block":1,"minecraft:deepslate_gold_ore":5,"minecraft:sugar_cane":1,"minecraft:diorite":16,"minecraft:powered_rail":6,"minecraft:polished_blackstone_slab":17,"minecraft:polished_blackstone_stairs":1,"minecraft:sweet_berry_bush":2,"minecraft:ice":4,"minecraft:white_carpet":1,"minecraft:spruce_log":36,"minecraft:grass":11,"minecraft:coal_ore":61,"minecraft:gravel":82,"minecraft:dirt":673,"minecraft:dispenser":1,"minecraft:polished_blackstone":221,"minecraft:netherrack":187,"minecraft:gold_ore":2,"minecraft:deepslate":10,"minecraft:fern":1},"minecraft:custom":{"minecraft:interact_with_anvil":1,"minecraft:mob_kills":72,"minecraft:inspect_hopper":38,"minecraft:interact_with_crafting_table":39,"minecraft:leave_game":9,"minecraft:time_since_death":243322,"minecraft:climb_one_cm":28917,"minecraft:sprint_one_cm":534888,"minecraft:walk_one_cm":532658,"minecraft:damage_blocked_by_shield":180,"minecraft:drop":247,"minecraft:play_time":289741,"minecraft:sneak_time":50326,"minecraft:deaths":1,"minecraft:walk_under_water_one_cm":9201,"minecraft:boat_one_cm":24846,"minecraft:jump":4196,"minecraft:walk_on_water_one_cm":33570,"minecraft:total_world_time":289741,"minecraft:interact_with_furnace":59,"minecraft:sleep_in_bed":1,"minecraft:time_since_rest":243551,"minecraft:damage_absorbed":10,"minecraft:damage_taken":1948,"minecraft:damage_dealt":15147,"minecraft:player_kills":3,"minecraft:swim_one_cm":3360,"minecraft:fly_one_cm":1229472,"minecraft:open_chest":105,"minecraft:crouch_one_cm":253266,"minecraft:inspect_dispenser":12,"minecraft:fall_one_cm":88801},"minecraft:dropped":{"minecraft:iron_ingot":2,"minecraft:bread":2,"minecraft:baked_potato":10,"minecraft:polished_blackstone":5,"minecraft:diamond":16,"minecraft:cooked_porkchop":81,"minecraft:diamond_leggings":1,"minecraft:iron_helmet":2,"minecraft:cobblestone":704,"minecraft:observer":64,"minecraft:granite":169,"minecraft:coal":66,"minecraft:stick":3,"minecraft:dirt":711,"minecraft:repeater":1,"minecraft:snowball":16,"minecraft:iron_leggings":1,"minecraft:bone_block":19,"minecraft:pumpkin":1,"minecraft:iron_pickaxe":1,"minecraft:white_wool":2,"minecraft:redstone":3,"minecraft:bone":47,"minecraft:gravel":3,"minecraft:lever":15,"minecraft:iron_nugget":13,"minecraft:cobbled_deepslate":5,"minecraft:tuff":1,"minecraft:raw_iron":97,"minecraft:white_carpet":56,"minecraft:rotten_flesh":32,"minecraft:iron_boots":2,"minecraft:comparator":1,"minecraft:rabbit_foot":1,"minecraft:flint_and_steel":1,"minecraft:potato":1,"minecraft:tipped_arrow":1,"minecraft:shield":3,"minecraft:spruce_planks":32,"minecraft:diamond_pickaxe":3,"minecraft:iron_chestplate":1,"minecraft:andesite":25,"minecraft:hopper":44,"minecraft:chest":1,"minecraft:spider_eye":8,"minecraft:spruce_slab":4,"minecraft:basalt":52,"minecraft:arrow":5,"minecraft:wooden_pickaxe":1,"minecraft:scaffolding":8,"minecraft:netherrack":10},"minecraft:used":{"minecraft:enchanting_table":1,"minecraft:flint_and_steel":8,"minecraft:polished_blackstone":1930,"minecraft:dispenser":12,"minecraft:redstone":195,"minecraft:oak_sign":2,"minecraft:chest":26,"minecraft:spruce_planks":28,"minecraft:shield":5,"minecraft:iron_sword":98,"minecraft:stone":31,"minecraft:rotten_flesh":3,"minecraft:stone_hoe":30,"minecraft:torch":8,"minecraft:dirt":407,"minecraft:white_carpet":5,"minecraft:hopper":119,"minecraft:carrot":1,"minecraft:diamond_helmet":2,"minecraft:granite":30,"minecraft:obsidian":111,"minecraft:polished_blackstone_slab":903,"minecraft:glass":70,"minecraft:spruce_boat":1,"minecraft:wooden_axe":11,"minecraft:honey_block":5,"minecraft:lava_bucket":9,"minecraft:bookshelf":27,"minecraft:iron_axe":2,"minecraft:slime_block":3,"minecraft:iron_boots":1,"minecraft:hopper_minecart":2,"minecraft:repeater":26,"minecraft:bedrock":1,"minecraft:basalt":12,"minecraft:diamond_chestplate":2,"minecraft:deepslate_diamond_ore":44,"minecraft:scaffolding":96,"minecraft:furnace":23,"minecraft:polished_blackstone_stairs":3,"minecraft:cobbled_deepslate":5,"minecraft:observer":21,"minecraft:wheat_seeds":4,"minecraft:cooked_mutton":3,"minecraft:water_bucket":81,"minecraft:diorite":2,"minecraft:diamond_boots":3,"minecraft:powered_rail":50,"minecraft:baked_potato":13,"minecraft:wooden_pickaxe":4,"minecraft:diamond_axe":20,"minecraft:golden_apple":1,"minecraft:glow_berries":11,"minecraft:rail":8,"minecraft:comparator":1,"minecraft:crafting_table":13,"minecraft:white_bed":3,"minecraft:campfire":119,"minecraft:sticky_piston":7,"minecraft:lever":11,"minecraft:diamond_pickaxe":2653,"minecraft:diamond_shovel":1366,"minecraft:iron_pickaxe":233,"minecraft:bread":8,"minecraft:deepslate":4,"minecraft:gravel":19,"minecraft:stone_axe":32,"minecraft:diamond_sword":149,"minecraft:cobblestone":204,"minecraft:cooked_porkchop":14,"minecraft:andesite":2,"minecraft:bucket":19,"minecraft:diamond_leggings":2},"minecraft:crafted":{"minecraft:furnace":23,"minecraft:polished_blackstone_slab":54,"minecraft:lever":1,"minecraft:cooked_mutton":3,"minecraft:flint_and_steel":2,"minecraft:diamond_helmet":1,"minecraft:diamond_leggings":1,"minecraft:iron_boots":2,"minecraft:polished_blackstone":64,"minecraft:chest":6,"minecraft:diamond_boots":1,"minecraft:spruce_boat":1,"minecraft:stone_hoe":1,"minecraft:diamond_sword":1,"minecraft:diamond_axe":1,"minecraft:crafting_table":4,"minecraft:spruce_planks":148,"minecraft:wooden_pickaxe":1,"minecraft:iron_helmet":1,"minecraft:iron_sword":1,"minecraft:polished_blackstone_stairs":4,"minecraft:bucket":1,"minecraft:stone_axe":1,"minecraft:air":0,"minecraft:iron_chestplate":1,"minecraft:diamond_pickaxe":1,"minecraft:shield":3,"minecraft:stick":24,"minecraft:iron_ingot":24,"minecraft:iron_pickaxe":2,"minecraft:wooden_axe":1,"minecraft:iron_leggings":1,"minecraft:torch":8,"minecraft:diamond_chestplate":1}},"DataVersion":2975}