{"stats":{"minecraft:picked_up":{"minecraft:stick":2,"minecraft:crafting_table":2,"minecraft:spruce_planks":1,"minecraft:cobblestone":3,"minecraft:white_bed":1,"minecraft:spruce_log":12,"minecraft:chest":1,"minecraft:rabbit_foot":1,"minecraft:paper":6},"minecraft:mined":{"minecraft:grass":2,"minecraft:spruce_planks":1,"minecraft:white_bed":1,"minecraft:chest":1,"minecraft:spruce_leaves":3,"minecraft:spruce_log":10,"minecraft:stone":3,"minecraft:crafting_table":2},"minecraft:custom":{"minecraft:open_chest":1,"minecraft:time_since_rest":5068,"minecraft:crouch_one_cm":692,"minecraft:play_time":5068,"minecraft:sprint_one_cm":18808,"minecraft:damage_taken":140,"minecraft:walk_one_cm":14040,"minecraft:sneak_time":436,"minecraft:drop":2,"minecraft:jump":211,"minecraft:damage_dealt":956,"minecraft:time_since_death":5068,"minecraft:total_world_time":5068,"minecraft:interact_with_crafting_table":3,"minecraft:fall_one_cm":2835,"minecraft:fly_one_cm":59086,"minecraft:player_kills":2},"minecraft:dropped":{"minecraft:rabbit_foot":1,"minecraft:chest":1},"minecraft:used":{"minecraft:stone_axe":6,"minecraft:wooden_axe":11,"minecraft:crafting_table":3,"minecraft:spruce_planks":6,"minecraft:white_bed":1,"minecraft:wooden_pickaxe":3},"minecraft:crafted":{"minecraft:stone_axe":1,"minecraft:crafting_table":1,"minecraft:spruce_planks":48,"minecraft:stick":4,"minecraft:wooden_pickaxe":1,"minecraft:wooden_axe":1}},"DataVersion":2975}