{"stats":{"minecraft:picked_up":{"minecraft:raw_iron":6,"minecraft:stick":2,"minecraft:crafting_table":5,"minecraft:andesite":2,"minecraft:gravel":1,"minecraft:white_bed":3,"minecraft:spruce_log":24,"minecraft:dirt":1,"minecraft:rabbit_foot":1,"minecraft:paper":6,"minecraft:rotten_flesh":5,"minecraft:spruce_planks":3,"minecraft:iron_ingot":3,"minecraft:gray_wool":1,"minecraft:emerald":1,"minecraft:sugar_cane":8,"minecraft:chest":1,"minecraft:mutton":3,"minecraft:coal":30,"minecraft:white_wool":2,"minecraft:cobblestone":10},"minecraft:mined":{"minecraft:spruce_planks":3,"minecraft:white_bed":3,"minecraft:iron_ore":6,"minecraft:andesite":3,"minecraft:spruce_log":23,"minecraft:crafting_table":5,"minecraft:grass":2,"minecraft:emerald_ore":1,"minecraft:grass_block":1,"minecraft:coal_ore":30,"minecraft:chest":1,"minecraft:gravel":3,"minecraft:spruce_leaves":4,"minecraft:stone":12,"minecraft:sugar_cane":1,"minecraft:fern":1},"minecraft:killed":{"minecraft:sheep":2,"minecraft:zombie":3,"minecraft:iron_golem":1},"minecraft:custom":{"minecraft:time_since_rest":17068,"minecraft:sprint_one_cm":56791,"minecraft:damage_taken":195,"minecraft:walk_one_cm":37634,"minecraft:mob_kills":6,"minecraft:drop":3,"minecraft:damage_dealt":2192,"minecraft:swim_one_cm":1744,"minecraft:player_kills":2,"minecraft:fly_one_cm":185947,"minecraft:interact_with_crafting_table":6,"minecraft:open_chest":2,"minecraft:crouch_one_cm":4437,"minecraft:play_time":17068,"minecraft:sneak_time":1689,"minecraft:walk_under_water_one_cm":94,"minecraft:boat_one_cm":24846,"minecraft:jump":659,"minecraft:walk_on_water_one_cm":503,"minecraft:time_since_death":17068,"minecraft:total_world_time":17068,"minecraft:fall_one_cm":15468},"minecraft:dropped":{"minecraft:chest":1,"minecraft:white_wool":2,"minecraft:rabbit_foot":1},"minecraft:used":{"minecraft:spruce_boat":1,"minecraft:wooden_axe":11,"minecraft:bread":4,"minecraft:iron_pickaxe":49,"minecraft:spruce_planks":14,"minecraft:wooden_pickaxe":4,"minecraft:iron_sword":16,"minecraft:rotten_flesh":1,"minecraft:stone_axe":31,"minecraft:crafting_table":5,"minecraft:white_bed":1},"minecraft:crafted":{"minecraft:crafting_table":1,"minecraft:spruce_planks":96,"minecraft:stick":8,"minecraft:iron_pickaxe":1,"minecraft:wooden_pickaxe":1,"minecraft:wooden_axe":1,"minecraft:iron_sword":1,"minecraft:spruce_boat":1,"minecraft:stone_axe":1}},"DataVersion":2975}