{"stats":{"minecraft:picked_up":{"minecraft:wooden_axe":1,"minecraft:crafting_table":8,"minecraft:iron_chestplate":1,"minecraft:wooden_pickaxe":1,"minecraft:gold_block":2,"minecraft:shield":1,"minecraft:string":3,"minecraft:moss_carpet":2,"minecraft:flint_and_steel":1,"minecraft:sticky_piston":6,"minecraft:white_carpet":743,"minecraft:cobbled_deepslate":10,"minecraft:spruce_planks":3,"minecraft:observer":2,"minecraft:iron_pickaxe":1,"minecraft:spruce_slab":6,"minecraft:sugar_cane":8,"minecraft:chest":1,"minecraft:furnace":2,"minecraft:tipped_arrow":2,"minecraft:stick":3,"minecraft:raw_iron":148,"minecraft:polished_blackstone_stairs":1,"minecraft:diorite":15,"minecraft:carrot":1,"minecraft:redstone":66,"minecraft:rabbit_foot":1,"minecraft:arrow":7,"minecraft:rotten_flesh":17,"minecraft:polished_blackstone":95,"minecraft:obsidian":6,"minecraft:mutton":3,"minecraft:rail":5,"minecraft:bone_block":19,"minecraft:white_wool":2,"minecraft:cobblestone":135,"minecraft:basalt":64,"minecraft:andesite":2,"minecraft:leather":6,"minecraft:flint":2,"minecraft:tuff":16,"minecraft:gunpowder":5,"minecraft:dirt":225,"minecraft:paper":6,"minecraft:bone":4,"minecraft:wheat_seeds":4,"minecraft:raw_gold":5,"minecraft:iron_ingot":6,"minecraft:powered_rail":6,"minecraft:sweet_berries":64,"minecraft:pumpkin":1,"minecraft:quartz":26,"minecraft:gravel":16,"minecraft:white_bed":3,"minecraft:spruce_log":31,"minecraft:spider_eye":1,"minecraft:diamond":50,"minecraft:slime_block":1,"minecraft:honey_block":5,"minecraft:lever":22,"minecraft:iron_helmet":1,"minecraft:granite":12,"minecraft:gray_wool":1,"minecraft:emerald":1,"minecraft:netherrack":26,"minecraft:coal":95,"minecraft:hopper":25},"minecraft:killed":{"minecraft:spider":2,"minecraft:skeleton":5,"minecraft:magma_cube":8,"minecraft:iron_golem":1,"minecraft:creeper":4,"minecraft:sheep":2,"minecraft:zombie":20,"minecraft:stray":3},"minecraft:mined":{"minecraft:diamond_ore":2,"minecraft:tuff":16,"minecraft:spruce_planks":3,"minecraft:white_bed":3,"minecraft:deepslate_diamond_ore":48,"minecraft:obsidian":6,"minecraft:lever":2,"minecraft:granite":6,"minecraft:grass_block":17,"minecraft:spruce_leaves":5,"minecraft:hopper":34,"minecraft:magma_block":1,"minecraft:redstone_ore":6,"minecraft:furnace":2,"minecraft:iron_ore":78,"minecraft:sticky_piston":6,"minecraft:andesite":3,"minecraft:gold_block":2,"minecraft:deepslate_iron_ore":1,"minecraft:rail":4,"minecraft:stone":115,"minecraft:bone_block":19,"minecraft:deepslate_redstone_ore":9,"minecraft:blackstone":68,"minecraft:basalt":258,"minecraft:observer":3,"minecraft:crafting_table":8,"minecraft:honey_block":5,"minecraft:emerald_ore":1,"minecraft:chest":1,"minecraft:nether_quartz_ore":36,"minecraft:cobblestone":18,"minecraft:slime_block":1,"minecraft:deepslate_gold_ore":5,"minecraft:sugar_cane":1,"minecraft:diorite":16,"minecraft:powered_rail":6,"minecraft:polished_blackstone_stairs":1,"minecraft:white_carpet":1,"minecraft:spruce_log":30,"minecraft:grass":9,"minecraft:coal_ore":49,"minecraft:gravel":21,"minecraft:dirt":11,"minecraft:polished_blackstone":117,"minecraft:netherrack":187,"minecraft:gold_ore":2,"minecraft:deepslate":10,"minecraft:fern":1},"minecraft:custom":{"minecraft:mob_kills":45,"minecraft:inspect_hopper":38,"minecraft:interact_with_crafting_table":36,"minecraft:leave_game":5,"minecraft:time_since_death":85932,"minecraft:sprint_one_cm":259885,"minecraft:walk_one_cm":214868,"minecraft:damage_blocked_by_shield":180,"minecraft:drop":124,"minecraft:play_time":132351,"minecraft:deaths":1,"minecraft:sneak_time":21618,"minecraft:walk_under_water_one_cm":1518,"minecraft:boat_one_cm":24846,"minecraft:jump":2436,"minecraft:walk_on_water_one_cm":8278,"minecraft:total_world_time":132351,"minecraft:interact_with_furnace":57,"minecraft:sleep_in_bed":1,"minecraft:time_since_rest":86161,"minecraft:damage_taken":1645,"minecraft:damage_absorbed":10,"minecraft:damage_dealt":8821,"minecraft:swim_one_cm":2907,"minecraft:fly_one_cm":651280,"minecraft:player_kills":2,"minecraft:open_chest":78,"minecraft:crouch_one_cm":90685,"minecraft:fall_one_cm":63353},"minecraft:dropped":{"minecraft:iron_ingot":2,"minecraft:bread":2,"minecraft:polished_blackstone":5,"minecraft:diamond":16,"minecraft:cooked_porkchop":81,"minecraft:iron_helmet":2,"minecraft:granite":12,"minecraft:coal":11,"minecraft:stick":3,"minecraft:iron_leggings":1,"minecraft:bone_block":19,"minecraft:pumpkin":1,"minecraft:iron_pickaxe":1,"minecraft:white_wool":2,"minecraft:bone":40,"minecraft:gravel":3,"minecraft:lever":14,"minecraft:iron_nugget":13,"minecraft:cobbled_deepslate":5,"minecraft:raw_iron":80,"minecraft:white_carpet":49,"minecraft:rotten_flesh":9,"minecraft:iron_boots":2,"minecraft:rabbit_foot":1,"minecraft:flint_and_steel":1,"minecraft:shield":3,"minecraft:spruce_planks":32,"minecraft:iron_chestplate":1,"minecraft:hopper":44,"minecraft:chest":1,"minecraft:spruce_slab":4,"minecraft:basalt":52,"minecraft:arrow":2,"minecraft:wooden_pickaxe":1,"minecraft:netherrack":10},"minecraft:used":{"minecraft:flint_and_steel":2,"minecraft:polished_blackstone":144,"minecraft:chest":10,"minecraft:spruce_planks":14,"minecraft:shield":5,"minecraft:iron_sword":98,"minecraft:rotten_flesh":3,"minecraft:stone_hoe":30,"minecraft:torch":8,"minecraft:dirt":161,"minecraft:white_carpet":5,"minecraft:hopper":89,"minecraft:carrot":1,"minecraft:obsidian":23,"minecraft:spruce_boat":1,"minecraft:glass":1,"minecraft:wooden_axe":11,"minecraft:honey_block":5,"minecraft:lava_bucket":9,"minecraft:iron_axe":2,"minecraft:slime_block":3,"minecraft:iron_boots":1,"minecraft:hopper_minecart":2,"minecraft:basalt":12,"minecraft:deepslate_diamond_ore":44,"minecraft:furnace":23,"minecraft:cobbled_deepslate":5,"minecraft:observer":4,"minecraft:polished_blackstone_stairs":3,"minecraft:wheat_seeds":4,"minecraft:cooked_mutton":3,"minecraft:water_bucket":7,"minecraft:diorite":2,"minecraft:powered_rail":50,"minecraft:baked_potato":3,"minecraft:wooden_pickaxe":4,"minecraft:diamond_axe":8,"minecraft:golden_apple":1,"minecraft:glow_berries":11,"minecraft:rail":8,"minecraft:crafting_table":11,"minecraft:white_bed":3,"minecraft:sticky_piston":7,"minecraft:lever":9,"minecraft:diamond_pickaxe":914,"minecraft:bread":8,"minecraft:iron_pickaxe":233,"minecraft:deepslate":4,"minecraft:gravel":13,"minecraft:stone_axe":32,"minecraft:diamond_sword":43,"minecraft:cobblestone":190,"minecraft:cooked_porkchop":9,"minecraft:andesite":2,"minecraft:bucket":16},"minecraft:crafted":{"minecraft:furnace":23,"minecraft:cooked_mutton":3,"minecraft:flint_and_steel":2,"minecraft:diamond_helmet":1,"minecraft:diamond_leggings":1,"minecraft:iron_boots":2,"minecraft:polished_blackstone":64,"minecraft:chest":6,"minecraft:diamond_boots":1,"minecraft:spruce_boat":1,"minecraft:stone_hoe":1,"minecraft:diamond_sword":1,"minecraft:diamond_axe":1,"minecraft:crafting_table":3,"minecraft:spruce_planks":124,"minecraft:wooden_pickaxe":1,"minecraft:iron_helmet":1,"minecraft:iron_sword":1,"minecraft:polished_blackstone_stairs":4,"minecraft:bucket":1,"minecraft:stone_axe":1,"minecraft:air":0,"minecraft:iron_chestplate":1,"minecraft:diamond_pickaxe":1,"minecraft:shield":2,"minecraft:stick":20,"minecraft:iron_pickaxe":2,"minecraft:iron_ingot":23,"minecraft:wooden_axe":1,"minecraft:iron_leggings":1,"minecraft:torch":8,"minecraft:diamond_chestplate":1}},"DataVersion":2975}