{"stats":{"minecraft:killed":{"minecraft:spider":7,"minecraft:skeleton":6,"minecraft:magma_cube":8,"minecraft:iron_golem":1,"minecraft:creeper":6,"minecraft:sheep":2,"minecraft:zombie":36,"minecraft:stray":5,"minecraft:phantom":1,"minecraft:enderman":1},"minecraft:crafted":{"minecraft:polished_blackstone_slab":54,"minecraft:lever":1,"minecraft:cooked_mutton":3,"minecraft:diamond_helmet":1,"minecraft:diamond_leggings":1,"minecraft:iron_boots":2,"minecraft:polished_blackstone":64,"minecraft:chest":6,"minecraft:stone_hoe":1,"minecraft:diamond_axe":1,"minecraft:crafting_table":4,"minecraft:spruce_planks":148,"minecraft:wooden_pickaxe":1,"minecraft:iron_helmet":1,"minecraft:iron_chestplate":1,"minecraft:diamond_pickaxe":1,"minecraft:shield":3,"minecraft:stick":24,"minecraft:iron_pickaxe":2,"minecraft:iron_ingot":24,"minecraft:furnace":23,"minecraft:flint_and_steel":2,"minecraft:diamond_boots":1,"minecraft:spruce_boat":1,"minecraft:diamond_sword":1,"minecraft:iron_sword":1,"minecraft:polished_blackstone_stairs":4,"minecraft:bucket":1,"minecraft:stone_axe":1,"minecraft:air":0,"minecraft:wooden_axe":1,"minecraft:iron_leggings":1,"minecraft:torch":8,"minecraft:diamond_chestplate":1},"minecraft:dropped":{"minecraft:gold_ore":64,"minecraft:birch_planks":64,"minecraft:lapis_lazuli":482,"minecraft:baked_potato":202,"minecraft:ender_pearl":224,"minecraft:diamond":16,"minecraft:crafting_table":256,"minecraft:cooked_porkchop":626,"minecraft:dark_oak_slab":64,"minecraft:jungle_planks":64,"minecraft:dirt":711,"minecraft:packed_ice":320,"minecraft:ice":384,"minecraft:dispenser":53,"minecraft:snowball":79,"minecraft:bone_block":19,"minecraft:iron_pickaxe":1,"minecraft:polished_blackstone_slab":383,"minecraft:dark_oak_planks":64,"minecraft:white_wool":2,"minecraft:bone":47,"minecraft:gravel":3,"minecraft:sugar_cane":69,"minecraft:lever":15,"minecraft:iron_nugget":13,"minecraft:cobbled_deepslate":970,"minecraft:birch_sapling":64,"minecraft:rotten_flesh":39,"minecraft:oak_planks":64,"minecraft:warped_planks":64,"minecraft:rabbit_foot":1,"minecraft:tipped_arrow":1,"minecraft:gunpowder":640,"minecraft:coal_ore":64,"minecraft:hopper":143,"minecraft:chest":1009,"minecraft:ladder":384,"minecraft:spruce_slab":4,"minecraft:basalt":52,"minecraft:arrow":74,"minecraft:glass":384,"minecraft:scaffolding":8,"minecraft:infested_cobblestone":384,"minecraft:netherrack":10,"minecraft:crimson_planks":64,"minecraft:iron_ingot":641,"minecraft:bread":2,"minecraft:tnt":256,"minecraft:polished_blackstone":325,"minecraft:deepslate_diamond_ore":64,"minecraft:diamond_leggings":1,"minecraft:iron_helmet":2,"minecraft:cobblestone":704,"minecraft:observer":235,"minecraft:granite":169,"minecraft:coal":66,"minecraft:coal_block":64,"minecraft:stick":14,"minecraft:torch":384,"minecraft:repeater":1,"minecraft:iron_leggings":1,"minecraft:pumpkin":1,"minecraft:string":3,"minecraft:acacia_planks":64,"minecraft:spruce_sapling":64,"minecraft:redstone_block":256,"minecraft:redstone":323,"minecraft:snow_block":192,"minecraft:anvil":191,"minecraft:netherite_ingot":128,"minecraft:ender_chest":64,"minecraft:tuff":1,"minecraft:raw_iron":865,"minecraft:white_carpet":56,"minecraft:iron_boots":2,"minecraft:comparator":1,"minecraft:diamond_ore":64,"minecraft:flint_and_steel":1,"minecraft:potato":1,"minecraft:shield":3,"minecraft:spruce_planks":96,"minecraft:iron_chestplate":1,"minecraft:diamond_pickaxe":3,"minecraft:andesite":25,"minecraft:oak_sapling":64,"minecraft:infested_stone":384,"minecraft:redstone_torch":256,"minecraft:spider_eye":8,"minecraft:stone_bricks":512,"minecraft:bamboo":144,"minecraft:wooden_pickaxe":1},"minecraft:mined":{"minecraft:spruce_planks":3,"minecraft:white_bed":3,"minecraft:obsidian":6,"minecraft:granite":217,"minecraft:grass_block":627,"minecraft:hopper":36,"minecraft:magma_block":1,"minecraft:cobbled_deepslate":5,"minecraft:iron_ore":88,"minecraft:sticky_piston":6,"minecraft:deepslate_redstone_ore":9,"minecraft:blackstone":68,"minecraft:chest":5,"minecraft:glass":2,"minecraft:nether_quartz_ore":36,"minecraft:cobblestone":20,"minecraft:slime_block":1,"minecraft:sugar_cane":1,"minecraft:powered_rail":6,"minecraft:grass":11,"minecraft:dirt":673,"minecraft:dispenser":1,"minecraft:netherrack":187,"minecraft:deepslate":10,"minecraft:diamond_ore":2,"minecraft:tuff":16,"minecraft:deepslate_diamond_ore":48,"minecraft:lever":2,"minecraft:spruce_leaves":13,"minecraft:redstone_ore":6,"minecraft:furnace":2,"minecraft:snow":35,"minecraft:andesite":25,"minecraft:gold_block":2,"minecraft:deepslate_iron_ore":1,"minecraft:rail":4,"minecraft:stone":1454,"minecraft:bone_block":19,"minecraft:scaffolding":4,"minecraft:basalt":258,"minecraft:observer":10,"minecraft:crafting_table":9,"minecraft:honey_block":5,"minecraft:emerald_ore":1,"minecraft:deepslate_gold_ore":5,"minecraft:diorite":16,"minecraft:polished_blackstone_slab":17,"minecraft:polished_blackstone_stairs":1,"minecraft:sweet_berry_bush":2,"minecraft:ice":4,"minecraft:white_carpet":1,"minecraft:spruce_log":36,"minecraft:coal_ore":61,"minecraft:gravel":82,"minecraft:polished_blackstone":221,"minecraft:gold_ore":2,"minecraft:fern":1},"minecraft:custom":{"minecraft:interact_with_crafting_table":39,"minecraft:leave_game":10,"minecraft:time_since_death":290892,"minecraft:sprint_one_cm":563203,"minecraft:damage_blocked_by_shield":180,"minecraft:drop":483,"minecraft:play_time":337311,"minecraft:deaths":1,"minecraft:jump":4344,"minecraft:walk_on_water_one_cm":46862,"minecraft:interact_with_furnace":59,"minecraft:sleep_in_bed":1,"minecraft:damage_dealt":15347,"minecraft:player_kills":3,"minecraft:crouch_one_cm":268811,"minecraft:inspect_dispenser":12,"minecraft:inspect_dropper":3,"minecraft:mob_kills":73,"minecraft:interact_with_anvil":3,"minecraft:inspect_hopper":337,"minecraft:climb_one_cm":28917,"minecraft:walk_one_cm":572199,"minecraft:sneak_time":53365,"minecraft:walk_under_water_one_cm":18659,"minecraft:boat_one_cm":24846,"minecraft:total_world_time":337311,"minecraft:time_since_rest":291121,"minecraft:damage_taken":1950,"minecraft:damage_absorbed":10,"minecraft:swim_one_cm":4308,"minecraft:fly_one_cm":1435339,"minecraft:open_chest":224,"minecraft:fall_one_cm":90661},"minecraft:used":{"minecraft:dispenser":12,"minecraft:polished_blackstone":1930,"minecraft:oak_sign":2,"minecraft:chest":26,"minecraft:shield":5,"minecraft:stone":31,"minecraft:iron_sword":98,"minecraft:rotten_flesh":3,"minecraft:carrot":1,"minecraft:obsidian":111,"minecraft:spruce_boat":1,"minecraft:polished_blackstone_slab":903,"minecraft:glass":74,"minecraft:honey_block":5,"minecraft:packed_ice":2,"minecraft:lava_bucket":9,"minecraft:hopper_minecart":2,"minecraft:stone_bricks":10,"minecraft:item_frame":207,"minecraft:bedrock":1,"minecraft:deepslate_diamond_ore":44,"minecraft:repeater":30,"minecraft:scaffolding":96,"minecraft:furnace":23,"minecraft:polished_blackstone_stairs":3,"minecraft:diorite":2,"minecraft:diamond_boots":3,"minecraft:powered_rail":50,"minecraft:wooden_pickaxe":4,"minecraft:diamond_axe":20,"minecraft:golden_apple":1,"minecraft:glow_berries":11,"minecraft:redstone_torch":1,"minecraft:sticky_piston":7,"minecraft:lever":11,"minecraft:bread":8,"minecraft:gravel":19,"minecraft:deepslate":4,"minecraft:diamond_sword":151,"minecraft:andesite":2,"minecraft:birch_log":10,"minecraft:enchanting_table":1,"minecraft:acacia_log":2,"minecraft:flint_and_steel":8,"minecraft:redstone":199,"minecraft:spruce_planks":28,"minecraft:stone_hoe":30,"minecraft:torch":8,"minecraft:dirt":407,"minecraft:anvil":1,"minecraft:white_carpet":5,"minecraft:hopper":120,"minecraft:diamond_helmet":2,"minecraft:granite":30,"minecraft:wooden_axe":11,"minecraft:bookshelf":27,"minecraft:iron_axe":2,"minecraft:slime_block":3,"minecraft:iron_boots":1,"minecraft:diamond_chestplate":2,"minecraft:basalt":12,"minecraft:cobbled_deepslate":5,"minecraft:observer":23,"minecraft:wheat_seeds":4,"minecraft:cooked_mutton":3,"minecraft:water_bucket":81,"minecraft:baked_potato":14,"minecraft:comparator":5,"minecraft:rail":8,"minecraft:stripped_dark_oak_log":2,"minecraft:crafting_table":13,"minecraft:campfire":119,"minecraft:white_bed":3,"minecraft:diamond_pickaxe":2653,"minecraft:diamond_shovel":1366,"minecraft:iron_pickaxe":233,"minecraft:stone_axe":32,"minecraft:cobblestone":204,"minecraft:cooked_porkchop":14,"minecraft:bucket":19,"minecraft:diamond_leggings":2},"minecraft:picked_up":{"minecraft:wooden_axe":1,"minecraft:iron_chestplate":1,"minecraft:string":9,"minecraft:sticky_piston":6,"minecraft:diamond_leggings":1,"minecraft:cobbled_deepslate":15,"minecraft:comparator":2,"minecraft:spruce_planks":3,"minecraft:redstone_torch":1,"minecraft:iron_pickaxe":1,"minecraft:furnace":2,"minecraft:tipped_arrow":3,"minecraft:stick":14,"minecraft:polished_blackstone_stairs":1,"minecraft:diorite":15,"minecraft:rabbit_foot":1,"minecraft:rotten_flesh":54,"minecraft:obsidian":6,"minecraft:snowball":99,"minecraft:cobblestone":794,"minecraft:repeater":1,"minecraft:andesite":27,"minecraft:potato":1,"minecraft:flint":2,"minecraft:tuff":17,"minecraft:lapis_lazuli":99,"minecraft:dirt":1707,"minecraft:bone":10,"minecraft:wheat_seeds":5,"minecraft:raw_gold":5,"minecraft:powered_rail":6,"minecraft:polished_blackstone_slab":23,"minecraft:grass_block":1,"minecraft:dispenser":1,"minecraft:diamond":50,"minecraft:slime_block":1,"minecraft:lever":23,"minecraft:granite":187,"minecraft:emerald":1,"minecraft:netherrack":26,"minecraft:diamond_pickaxe":1,"minecraft:crafting_table":9,"minecraft:wooden_pickaxe":1,"minecraft:gold_block":2,"minecraft:shield":1,"minecraft:moss_carpet":2,"minecraft:flint_and_steel":1,"minecraft:white_carpet":750,"minecraft:item_frame":210,"minecraft:observer":73,"minecraft:spruce_slab":6,"minecraft:sugar_cane":11,"minecraft:chest":5,"minecraft:raw_iron":165,"minecraft:carrot":1,"minecraft:redstone":69,"minecraft:arrow":16,"minecraft:polished_blackstone":168,"minecraft:mutton":3,"minecraft:white_wool":2,"minecraft:rail":5,"minecraft:bone_block":19,"minecraft:basalt":64,"minecraft:leather":6,"minecraft:gunpowder":9,"minecraft:paper":6,"minecraft:iron_ingot":7,"minecraft:scaffolding":8,"minecraft:pumpkin":1,"minecraft:sweet_berries":64,"minecraft:quartz":26,"minecraft:gravel":26,"minecraft:spruce_sapling":1,"minecraft:white_bed":3,"minecraft:spruce_log":37,"minecraft:spider_eye":9,"minecraft:honey_block":5,"minecraft:iron_helmet":1,"minecraft:gray_wool":1,"minecraft:coal":150,"minecraft:hopper":27,"minecraft:ender_pearl":2}},"DataVersion":2975}