{"stats":{"minecraft:picked_up":{"minecraft:crafting_table":5,"minecraft:iron_chestplate":1,"minecraft:chicken":2,"minecraft:shield":2,"minecraft:string":9,"minecraft:white_carpet":13,"minecraft:cobbled_deepslate":6,"minecraft:spruce_planks":26,"minecraft:beef":6,"minecraft:spruce_slab":25,"minecraft:light_gray_wool":1,"minecraft:sugar_cane":33,"minecraft:furnace":3,"minecraft:iron_boots":2,"minecraft:egg":1,"minecraft:stick":2,"minecraft:raw_iron":69,"minecraft:torch":3,"minecraft:spruce_stairs":25,"minecraft:porkchop":12,"minecraft:diorite":28,"minecraft:carrot":3,"minecraft:redstone":9,"minecraft:rotten_flesh":11,"minecraft:polished_blackstone":4,"minecraft:mutton":7,"minecraft:white_wool":6,"minecraft:snowball":56,"minecraft:rail":1,"minecraft:cobblestone":172,"minecraft:feather":1,"minecraft:crimson_stem":18,"minecraft:andesite":2,"minecraft:leather":6,"minecraft:nether_wart_block":1,"minecraft:dirt":110,"minecraft:wheat_seeds":2,"minecraft:cooked_porkchop":64,"minecraft:quartz":92,"minecraft:sand":217,"minecraft:spruce_sapling":1,"minecraft:white_bed":2,"minecraft:spruce_log":85,"minecraft:diamond":13,"minecraft:stone_axe":1,"minecraft:iron_helmet":1,"minecraft:bread":66,"minecraft:netherrack":12,"minecraft:coal":56,"minecraft:crimson_roots":3},"minecraft:killed_by":{"minecraft:player":1,"minecraft:piglin":3,"minecraft:hoglin":1},"minecraft:killed":{"minecraft:spider":6,"minecraft:chicken":2,"minecraft:pig":4,"minecraft:hoglin":3,"minecraft:sheep":5,"minecraft:zombie":9,"minecraft:stray":1,"minecraft:cow":4},"minecraft:mined":{"minecraft:spruce_planks":27,"minecraft:white_bed":2,"minecraft:deepslate_diamond_ore":2,"minecraft:grass_block":72,"minecraft:crimson_roots":4,"minecraft:spruce_leaves":33,"minecraft:crimson_stem":18,"minecraft:large_fern":8,"minecraft:furnace":3,"minecraft:carrots":1,"minecraft:iron_ore":31,"minecraft:snow":63,"minecraft:andesite":2,"minecraft:deepslate_iron_ore":37,"minecraft:rail":1,"minecraft:stone":171,"minecraft:white_wool":1,"minecraft:spruce_slab":21,"minecraft:deepslate_redstone_ore":2,"minecraft:crimson_nylium":1,"minecraft:crafting_table":5,"minecraft:nether_quartz_ore":95,"minecraft:cobblestone":1,"minecraft:sugar_cane":9,"minecraft:diorite":13,"minecraft:wall_torch":1,"minecraft:spruce_stairs":25,"minecraft:nether_wart_block":1,"minecraft:ice":5,"minecraft:wheat":1,"minecraft:spruce_log":86,"minecraft:grass":5,"minecraft:coal_ore":29,"minecraft:sand":225,"minecraft:dirt":42,"minecraft:netherrack":13,"minecraft:deepslate":6},"minecraft:custom":{"minecraft:mob_kills":35,"minecraft:interact_with_crafting_table":34,"minecraft:time_since_death":39605,"minecraft:climb_one_cm":47,"minecraft:sprint_one_cm":324095,"minecraft:walk_one_cm":148823,"minecraft:damage_blocked_by_shield":10,"minecraft:drop":10,"minecraft:play_time":107550,"minecraft:deaths":5,"minecraft:sneak_time":20547,"minecraft:walk_under_water_one_cm":4757,"minecraft:boat_one_cm":22084,"minecraft:jump":2824,"minecraft:walk_on_water_one_cm":5846,"minecraft:total_world_time":107550,"minecraft:interact_with_furnace":47,"minecraft:sleep_in_bed":2,"minecraft:time_since_rest":19078,"minecraft:damage_taken":2112,"minecraft:damage_dealt":6337,"minecraft:swim_one_cm":9572,"minecraft:fly_one_cm":676766,"minecraft:open_chest":25,"minecraft:crouch_one_cm":65291,"minecraft:fall_one_cm":76405},"minecraft:dropped":{"minecraft:snowball":22,"minecraft:lever":18,"minecraft:rotten_flesh":4,"minecraft:spruce_planks":16},"minecraft:used":{"minecraft:iron_shovel":250,"minecraft:spruce_slab":79,"minecraft:stone_shovel":131,"minecraft:spruce_planks":97,"minecraft:shield":1,"minecraft:iron_sword":28,"minecraft:cooked_chicken":2,"minecraft:netherrack":4,"minecraft:iron_chestplate":1,"minecraft:torch":5,"minecraft:dirt":107,"minecraft:mutton":2,"minecraft:spruce_stairs":31,"minecraft:carrot":3,"minecraft:snowball":9,"minecraft:iron_axe":17,"minecraft:iron_helmet":1,"minecraft:iron_boots":1,"minecraft:crimson_planks":72,"minecraft:light_gray_wool":1,"minecraft:beef":2,"minecraft:furnace":6,"minecraft:egg":1,"minecraft:cobbled_deepslate":6,"minecraft:iron_leggings":1,"minecraft:diorite":13,"minecraft:spruce_door":1,"minecraft:stone_pickaxe":289,"minecraft:wooden_pickaxe":15,"minecraft:rail":1,"minecraft:crafting_table":8,"minecraft:white_bed":2,"minecraft:bread":8,"minecraft:iron_pickaxe":126,"minecraft:stone_axe":212,"minecraft:nether_wart_block":1,"minecraft:cobblestone":51,"minecraft:cooked_porkchop":9,"minecraft:porkchop":2},"minecraft:broken":{"minecraft:iron_shovel":1,"minecraft:stone_pickaxe":1,"minecraft:stone_axe":1,"minecraft:stone_shovel":1},"minecraft:crafted":{"minecraft:stone_shovel":2,"minecraft:cooked_chicken":2,"minecraft:furnace":3,"minecraft:lever":18,"minecraft:spruce_stairs":32,"minecraft:iron_axe":1,"minecraft:spruce_slab":78,"minecraft:stone_pickaxe":3,"minecraft:crimson_planks":72,"minecraft:cooked_porkchop":6,"minecraft:crafting_table":4,"minecraft:spruce_planks":296,"minecraft:wooden_pickaxe":2,"minecraft:iron_helmet":1,"minecraft:iron_sword":1,"minecraft:spruce_door":3,"minecraft:stone_axe":2,"minecraft:air":0,"minecraft:iron_chestplate":1,"minecraft:stick":60,"minecraft:iron_ingot":44,"minecraft:iron_pickaxe":1,"minecraft:iron_shovel":1,"minecraft:iron_leggings":2,"minecraft:torch":16}},"DataVersion":2975}