{"stats":{"minecraft:picked_up":{"minecraft:crafting_table":1,"minecraft:diorite":5,"minecraft:spruce_log":7,"minecraft:sugar_cane":5,"minecraft:dirt":8,"minecraft:cobblestone":70},"minecraft:mined":{"minecraft:grass_block":4,"minecraft:dirt":4,"minecraft:spruce_leaves":9,"minecraft:spruce_log":8,"minecraft:stone":70,"minecraft:sugar_cane":1,"minecraft:diorite":5,"minecraft:crafting_table":1},"minecraft:custom":{"minecraft:time_since_rest":5550,"minecraft:crouch_one_cm":3656,"minecraft:play_time":5550,"minecraft:sprint_one_cm":11181,"minecraft:damage_taken":76,"minecraft:walk_one_cm":5788,"minecraft:sneak_time":1681,"minecraft:jump":144,"minecraft:damage_dealt":18,"minecraft:time_since_death":5550,"minecraft:total_world_time":5550,"minecraft:fall_one_cm":209,"minecraft:interact_with_crafting_table":3,"minecraft:fly_one_cm":35500},"minecraft:used":{"minecraft:dirt":8,"minecraft:crafting_table":2,"minecraft:stone_pickaxe":69,"minecraft:wooden_pickaxe":11},"minecraft:crafted":{"minecraft:crafting_table":1,"minecraft:spruce_planks":28,"minecraft:stick":8,"minecraft:wooden_pickaxe":1,"minecraft:stone_pickaxe":1}},"DataVersion":2975}