{"stats":{"minecraft:picked_up":{"minecraft:crafting_table":3,"minecraft:feather":1,"minecraft:chicken":2,"minecraft:leather":5,"minecraft:torch":2,"minecraft:porkchop":6,"minecraft:diorite":8,"minecraft:spruce_log":64,"minecraft:string":5,"minecraft:dirt":8,"minecraft:rotten_flesh":2,"minecraft:spruce_planks":6,"minecraft:beef":6,"minecraft:sugar_cane":21,"minecraft:mutton":2,"minecraft:coal":55,"minecraft:snowball":25,"minecraft:white_wool":3,"minecraft:cobblestone":70,"minecraft:furnace":2},"minecraft:killed":{"minecraft:sheep":2,"minecraft:zombie":2,"minecraft:pig":4,"minecraft:chicken":2,"minecraft:spider":3,"minecraft:cow":4},"minecraft:mined":{"minecraft:large_fern":4,"minecraft:spruce_planks":8,"minecraft:furnace":2,"minecraft:snow":30,"minecraft:spruce_log":65,"minecraft:crafting_table":3,"minecraft:grass":1,"minecraft:grass_block":4,"minecraft:coal_ore":28,"minecraft:dirt":4,"minecraft:spruce_leaves":29,"minecraft:stone":70,"minecraft:sugar_cane":5,"minecraft:wall_torch":1,"minecraft:diorite":8},"minecraft:custom":{"minecraft:time_since_rest":29550,"minecraft:interact_with_furnace":16,"minecraft:sprint_one_cm":90660,"minecraft:damage_taken":246,"minecraft:walk_one_cm":32703,"minecraft:mob_kills":17,"minecraft:damage_dealt":1916,"minecraft:swim_one_cm":3206,"minecraft:interact_with_crafting_table":13,"minecraft:fly_one_cm":235539,"minecraft:crouch_one_cm":10449,"minecraft:play_time":29550,"minecraft:sneak_time":3980,"minecraft:walk_under_water_one_cm":3728,"minecraft:boat_one_cm":22084,"minecraft:jump":863,"minecraft:walk_on_water_one_cm":1135,"minecraft:time_since_death":29550,"minecraft:total_world_time":29550,"minecraft:fall_one_cm":18410},"minecraft:used":{"minecraft:diorite":3,"minecraft:spruce_door":1,"minecraft:stone_shovel":30,"minecraft:stone_pickaxe":103,"minecraft:spruce_planks":76,"minecraft:wooden_pickaxe":11,"minecraft:cooked_chicken":2,"minecraft:torch":5,"minecraft:stone_axe":106,"minecraft:dirt":8,"minecraft:beef":2,"minecraft:crafting_table":4,"minecraft:furnace":3,"minecraft:cooked_porkchop":3,"minecraft:spruce_stairs":30,"minecraft:snowball":9},"minecraft:crafted":{"minecraft:spruce_stairs":32,"minecraft:stone_shovel":1,"minecraft:cooked_porkchop":6,"minecraft:crafting_table":1,"minecraft:stick":12,"minecraft:spruce_planks":236,"minecraft:wooden_pickaxe":1,"minecraft:cooked_chicken":2,"minecraft:stone_pickaxe":1,"minecraft:spruce_door":3,"minecraft:furnace":1,"minecraft:torch":16,"minecraft:stone_axe":1,"minecraft:air":0}},"DataVersion":2975}