{"stats":{"minecraft:picked_up":{"minecraft:iron_chestplate":1,"minecraft:crafting_table":4,"minecraft:feather":1,"minecraft:chicken":2,"minecraft:crimson_stem":18,"minecraft:leather":6,"minecraft:nether_wart_block":1,"minecraft:shield":2,"minecraft:dirt":104,"minecraft:string":9,"minecraft:wheat_seeds":2,"minecraft:spruce_planks":26,"minecraft:beef":6,"minecraft:light_gray_wool":1,"minecraft:spruce_slab":25,"minecraft:sugar_cane":33,"minecraft:egg":1,"minecraft:iron_boots":2,"minecraft:furnace":2,"minecraft:quartz":92,"minecraft:torch":3,"minecraft:spruce_stairs":25,"minecraft:porkchop":12,"minecraft:carrot":3,"minecraft:white_bed":2,"minecraft:diorite":23,"minecraft:spruce_log":70,"minecraft:rotten_flesh":4,"minecraft:stone_axe":1,"minecraft:iron_helmet":1,"minecraft:crimson_roots":3,"minecraft:netherrack":12,"minecraft:mutton":4,"minecraft:coal":55,"minecraft:snowball":34,"minecraft:white_wool":4,"minecraft:cobblestone":85},"minecraft:killed_by":{"minecraft:piglin":3,"minecraft:player":1,"minecraft:hoglin":1},"minecraft:killed":{"minecraft:pig":4,"minecraft:spider":5,"minecraft:hoglin":3,"minecraft:sheep":3,"minecraft:zombie":3,"minecraft:chicken":2,"minecraft:cow":4},"minecraft:mined":{"minecraft:spruce_planks":27,"minecraft:white_bed":2,"minecraft:crimson_nylium":1,"minecraft:crafting_table":4,"minecraft:grass_block":69,"minecraft:crimson_roots":4,"minecraft:nether_quartz_ore":95,"minecraft:spruce_leaves":30,"minecraft:sugar_cane":9,"minecraft:diorite":8,"minecraft:wall_torch":1,"minecraft:crimson_stem":18,"minecraft:large_fern":8,"minecraft:spruce_stairs":25,"minecraft:furnace":2,"minecraft:carrots":1,"minecraft:nether_wart_block":1,"minecraft:wheat":1,"minecraft:snow":40,"minecraft:spruce_log":71,"minecraft:grass":5,"minecraft:coal_ore":28,"minecraft:dirt":40,"minecraft:stone":85,"minecraft:netherrack":13,"minecraft:white_wool":1,"minecraft:spruce_slab":21},"minecraft:custom":{"minecraft:interact_with_furnace":32,"minecraft:mob_kills":24,"minecraft:interact_with_crafting_table":23,"minecraft:time_since_death":3605,"minecraft:sleep_in_bed":1,"minecraft:climb_one_cm":47,"minecraft:time_since_rest":3636,"minecraft:sprint_one_cm":223998,"minecraft:damage_taken":1694,"minecraft:walk_one_cm":95755,"minecraft:drop":1,"minecraft:damage_dealt":4086,"minecraft:swim_one_cm":3206,"minecraft:fly_one_cm":479042,"minecraft:open_chest":1,"minecraft:crouch_one_cm":47463,"minecraft:play_time":71550,"minecraft:deaths":5,"minecraft:sneak_time":15694,"minecraft:walk_under_water_one_cm":3728,"minecraft:boat_one_cm":22084,"minecraft:jump":1896,"minecraft:walk_on_water_one_cm":1187,"minecraft:total_world_time":71550,"minecraft:fall_one_cm":47304},"minecraft:dropped":{"minecraft:spruce_planks":16},"minecraft:used":{"minecraft:diorite":8,"minecraft:spruce_door":1,"minecraft:stone_pickaxe":227,"minecraft:stone_shovel":131,"minecraft:spruce_slab":79,"minecraft:spruce_planks":87,"minecraft:wooden_pickaxe":11,"minecraft:cooked_chicken":2,"minecraft:netherrack":4,"minecraft:iron_chestplate":1,"minecraft:torch":5,"minecraft:dirt":104,"minecraft:mutton":2,"minecraft:crafting_table":5,"minecraft:spruce_stairs":31,"minecraft:carrot":3,"minecraft:white_bed":2,"minecraft:snowball":9,"minecraft:iron_helmet":1,"minecraft:iron_boots":1,"minecraft:crimson_planks":72,"minecraft:light_gray_wool":1,"minecraft:stone_axe":212,"minecraft:nether_wart_block":1,"minecraft:beef":2,"minecraft:porkchop":2,"minecraft:furnace":3,"minecraft:cooked_porkchop":6,"minecraft:egg":1},"minecraft:broken":{"minecraft:stone_pickaxe":1,"minecraft:stone_axe":1,"minecraft:stone_shovel":1},"minecraft:crafted":{"minecraft:crimson_planks":72,"minecraft:stone_shovel":2,"minecraft:cooked_porkchop":6,"minecraft:crafting_table":2,"minecraft:spruce_planks":236,"minecraft:iron_helmet":1,"minecraft:cooked_chicken":2,"minecraft:wooden_pickaxe":1,"minecraft:spruce_door":3,"minecraft:furnace":1,"minecraft:stone_axe":2,"minecraft:air":0,"minecraft:spruce_stairs":32,"minecraft:iron_chestplate":1,"minecraft:spruce_slab":78,"minecraft:stick":20,"minecraft:iron_ingot":20,"minecraft:stone_pickaxe":2,"minecraft:iron_leggings":1,"minecraft:torch":16}},"DataVersion":2975}