{"stats":{"minecraft:picked_up":{"minecraft:iron_chestplate":1,"minecraft:crafting_table":5,"minecraft:feather":1,"minecraft:chicken":2,"minecraft:crimson_stem":18,"minecraft:andesite":2,"minecraft:leather":6,"minecraft:nether_wart_block":1,"minecraft:shield":2,"minecraft:dirt":109,"minecraft:string":9,"minecraft:wheat_seeds":2,"minecraft:cobbled_deepslate":6,"minecraft:spruce_planks":26,"minecraft:beef":6,"minecraft:light_gray_wool":1,"minecraft:spruce_slab":25,"minecraft:sugar_cane":33,"minecraft:egg":1,"minecraft:iron_boots":2,"minecraft:furnace":3,"minecraft:raw_iron":69,"minecraft:cooked_porkchop":64,"minecraft:sand":19,"minecraft:quartz":92,"minecraft:torch":3,"minecraft:spruce_stairs":25,"minecraft:porkchop":12,"minecraft:carrot":3,"minecraft:white_bed":2,"minecraft:diorite":28,"minecraft:spruce_log":79,"minecraft:redstone":9,"minecraft:rotten_flesh":11,"minecraft:diamond":13,"minecraft:stone_axe":1,"minecraft:iron_helmet":1,"minecraft:polished_blackstone":4,"minecraft:bread":66,"minecraft:rail":1,"minecraft:crimson_roots":3,"minecraft:netherrack":12,"minecraft:mutton":4,"minecraft:coal":56,"minecraft:snowball":35,"minecraft:white_wool":4,"minecraft:cobblestone":172},"minecraft:killed_by":{"minecraft:piglin":3,"minecraft:player":1,"minecraft:hoglin":1},"minecraft:killed":{"minecraft:pig":4,"minecraft:spider":6,"minecraft:hoglin":3,"minecraft:sheep":3,"minecraft:zombie":9,"minecraft:chicken":2,"minecraft:stray":1,"minecraft:cow":4},"minecraft:mined":{"minecraft:deepslate_redstone_ore":2,"minecraft:spruce_planks":27,"minecraft:white_bed":2,"minecraft:deepslate_diamond_ore":2,"minecraft:crimson_nylium":1,"minecraft:crafting_table":5,"minecraft:grass_block":71,"minecraft:crimson_roots":4,"minecraft:nether_quartz_ore":95,"minecraft:cobblestone":1,"minecraft:spruce_leaves":31,"minecraft:sugar_cane":9,"minecraft:diorite":13,"minecraft:wall_torch":1,"minecraft:crimson_stem":18,"minecraft:large_fern":8,"minecraft:spruce_stairs":25,"minecraft:furnace":3,"minecraft:carrots":1,"minecraft:nether_wart_block":1,"minecraft:iron_ore":31,"minecraft:wheat":1,"minecraft:snow":41,"minecraft:andesite":2,"minecraft:spruce_log":80,"minecraft:grass":5,"minecraft:coal_ore":29,"minecraft:deepslate_iron_ore":37,"minecraft:rail":1,"minecraft:sand":20,"minecraft:dirt":42,"minecraft:stone":171,"minecraft:netherrack":13,"minecraft:deepslate":6,"minecraft:white_wool":1,"minecraft:spruce_slab":21},"minecraft:custom":{"minecraft:interact_with_furnace":47,"minecraft:mob_kills":32,"minecraft:interact_with_crafting_table":34,"minecraft:time_since_death":27605,"minecraft:sleep_in_bed":2,"minecraft:climb_one_cm":47,"minecraft:time_since_rest":7078,"minecraft:sprint_one_cm":281199,"minecraft:damage_taken":1982,"minecraft:walk_one_cm":140864,"minecraft:damage_blocked_by_shield":10,"minecraft:drop":8,"minecraft:damage_dealt":6117,"minecraft:swim_one_cm":3206,"minecraft:fly_one_cm":582629,"minecraft:open_chest":18,"minecraft:crouch_one_cm":55956,"minecraft:play_time":95550,"minecraft:deaths":5,"minecraft:sneak_time":18779,"minecraft:walk_under_water_one_cm":3728,"minecraft:boat_one_cm":22084,"minecraft:jump":2460,"minecraft:walk_on_water_one_cm":1187,"minecraft:total_world_time":95550,"minecraft:fall_one_cm":65656},"minecraft:dropped":{"minecraft:lever":18,"minecraft:rotten_flesh":4,"minecraft:spruce_planks":16},"minecraft:used":{"minecraft:diorite":13,"minecraft:iron_shovel":22,"minecraft:spruce_door":1,"minecraft:stone_pickaxe":289,"minecraft:stone_shovel":131,"minecraft:spruce_slab":79,"minecraft:shield":1,"minecraft:spruce_planks":97,"minecraft:wooden_pickaxe":15,"minecraft:iron_sword":24,"minecraft:cooked_chicken":2,"minecraft:netherrack":4,"minecraft:iron_chestplate":1,"minecraft:torch":5,"minecraft:rail":1,"minecraft:dirt":104,"minecraft:mutton":2,"minecraft:crafting_table":8,"minecraft:spruce_stairs":31,"minecraft:carrot":3,"minecraft:white_bed":2,"minecraft:snowball":9,"minecraft:iron_axe":9,"minecraft:bread":4,"minecraft:iron_pickaxe":126,"minecraft:iron_helmet":1,"minecraft:iron_boots":1,"minecraft:crimson_planks":72,"minecraft:light_gray_wool":1,"minecraft:stone_axe":212,"minecraft:nether_wart_block":1,"minecraft:cobblestone":51,"minecraft:beef":2,"minecraft:porkchop":2,"minecraft:furnace":6,"minecraft:cooked_porkchop":9,"minecraft:iron_leggings":1,"minecraft:egg":1,"minecraft:cobbled_deepslate":6},"minecraft:broken":{"minecraft:stone_pickaxe":1,"minecraft:stone_axe":1,"minecraft:stone_shovel":1},"minecraft:crafted":{"minecraft:crimson_planks":72,"minecraft:stone_shovel":2,"minecraft:cooked_porkchop":6,"minecraft:crafting_table":4,"minecraft:spruce_planks":296,"minecraft:iron_helmet":1,"minecraft:cooked_chicken":2,"minecraft:wooden_pickaxe":2,"minecraft:iron_sword":1,"minecraft:spruce_door":3,"minecraft:furnace":3,"minecraft:lever":18,"minecraft:stone_axe":2,"minecraft:air":0,"minecraft:spruce_stairs":32,"minecraft:iron_chestplate":1,"minecraft:iron_axe":1,"minecraft:spruce_slab":78,"minecraft:stick":60,"minecraft:iron_ingot":44,"minecraft:iron_pickaxe":1,"minecraft:stone_pickaxe":3,"minecraft:iron_shovel":1,"minecraft:iron_leggings":2,"minecraft:torch":16}},"DataVersion":2975}