{"stats":{"minecraft:picked_up":{"minecraft:crafting_table":5,"minecraft:iron_chestplate":1,"minecraft:chicken":2,"minecraft:wooden_pickaxe":1,"minecraft:shield":2,"minecraft:string":10,"minecraft:white_carpet":33,"minecraft:cobbled_deepslate":6,"minecraft:spruce_planks":41,"minecraft:beef":6,"minecraft:spruce_slab":26,"minecraft:light_gray_wool":1,"minecraft:sugar_cane":33,"minecraft:furnace":3,"minecraft:iron_boots":2,"minecraft:egg":1,"minecraft:stick":2,"minecraft:raw_iron":69,"minecraft:torch":83,"minecraft:spruce_stairs":29,"minecraft:porkchop":12,"minecraft:diorite":28,"minecraft:carrot":3,"minecraft:redstone":9,"minecraft:arrow":2,"minecraft:rotten_flesh":18,"minecraft:polished_blackstone":15,"minecraft:obsidian":4,"minecraft:mutton":7,"minecraft:white_wool":6,"minecraft:snowball":56,"minecraft:rail":1,"minecraft:cobblestone":172,"minecraft:feather":1,"minecraft:crimson_stem":18,"minecraft:andesite":2,"minecraft:leather":6,"minecraft:filled_map":3,"minecraft:nether_wart_block":1,"minecraft:gunpowder":2,"minecraft:dirt":113,"minecraft:bone":20,"minecraft:wheat_seeds":2,"minecraft:cooked_porkchop":64,"minecraft:quartz":92,"minecraft:sand":217,"minecraft:spruce_sapling":2,"minecraft:white_bed":2,"minecraft:spruce_log":85,"minecraft:diamond":16,"minecraft:stone_axe":1,"minecraft:iron_helmet":1,"minecraft:bread":66,"minecraft:netherrack":12,"minecraft:coal":56,"minecraft:hopper":55,"minecraft:crimson_roots":3},"minecraft:killed_by":{"minecraft:player":1,"minecraft:piglin":3,"minecraft:hoglin":1},"minecraft:killed":{"minecraft:spider":7,"minecraft:chicken":2,"minecraft:wolf":1,"minecraft:pig":4,"minecraft:hoglin":3,"minecraft:creeper":1,"minecraft:sheep":5,"minecraft:zombie":10,"minecraft:stray":1,"minecraft:cow":4},"minecraft:mined":{"minecraft:spruce_planks":27,"minecraft:white_bed":2,"minecraft:deepslate_diamond_ore":2,"minecraft:obsidian":4,"minecraft:grass_block":72,"minecraft:crimson_roots":4,"minecraft:spruce_leaves":33,"minecraft:hopper":2,"minecraft:crimson_stem":18,"minecraft:large_fern":8,"minecraft:furnace":3,"minecraft:carrots":1,"minecraft:iron_ore":31,"minecraft:snow":63,"minecraft:andesite":2,"minecraft:deepslate_iron_ore":37,"minecraft:rail":1,"minecraft:stone":171,"minecraft:white_wool":1,"minecraft:spruce_slab":24,"minecraft:deepslate_redstone_ore":2,"minecraft:red_bed":3,"minecraft:crimson_nylium":1,"minecraft:crafting_table":5,"minecraft:nether_quartz_ore":95,"minecraft:cobblestone":1,"minecraft:sugar_cane":9,"minecraft:diorite":13,"minecraft:wall_torch":1,"minecraft:spruce_stairs":25,"minecraft:nether_wart_block":1,"minecraft:ice":5,"minecraft:wheat":1,"minecraft:spruce_log":86,"minecraft:grass":7,"minecraft:coal_ore":29,"minecraft:sand":225,"minecraft:dirt":42,"minecraft:netherrack":13,"minecraft:deepslate":6},"minecraft:custom":{"minecraft:mob_kills":39,"minecraft:inspect_hopper":4,"minecraft:interact_with_crafting_table":42,"minecraft:leave_game":1,"minecraft:time_since_death":74287,"minecraft:climb_one_cm":47,"minecraft:sprint_one_cm":393378,"minecraft:walk_one_cm":192266,"minecraft:damage_blocked_by_shield":547,"minecraft:drop":21,"minecraft:play_time":142232,"minecraft:deaths":5,"minecraft:sneak_time":22743,"minecraft:walk_under_water_one_cm":4757,"minecraft:boat_one_cm":22084,"minecraft:jump":3401,"minecraft:walk_on_water_one_cm":5846,"minecraft:total_world_time":142232,"minecraft:interact_with_furnace":48,"minecraft:sleep_in_bed":2,"minecraft:time_since_rest":53760,"minecraft:damage_taken":2715,"minecraft:damage_dealt":7448,"minecraft:player_kills":1,"minecraft:swim_one_cm":9572,"minecraft:fly_one_cm":799344,"minecraft:open_chest":29,"minecraft:crouch_one_cm":72078,"minecraft:fall_one_cm":93317},"minecraft:dropped":{"minecraft:spruce_stairs":4,"minecraft:torch":80,"minecraft:snowball":22,"minecraft:spruce_sapling":2,"minecraft:lever":18,"minecraft:rotten_flesh":4,"minecraft:filled_map":2,"minecraft:spruce_planks":16,"minecraft:arrow":2,"minecraft:wooden_pickaxe":2},"minecraft:used":{"minecraft:iron_shovel":250,"minecraft:spruce_slab":84,"minecraft:stone_shovel":131,"minecraft:polished_blackstone":5,"minecraft:spruce_planks":97,"minecraft:shield":27,"minecraft:iron_sword":56,"minecraft:cooked_chicken":2,"minecraft:netherrack":4,"minecraft:iron_chestplate":1,"minecraft:torch":5,"minecraft:dirt":110,"minecraft:mutton":2,"minecraft:hopper":8,"minecraft:spruce_stairs":31,"minecraft:carrot":3,"minecraft:snowball":9,"minecraft:iron_axe":25,"minecraft:iron_helmet":1,"minecraft:iron_boots":1,"minecraft:crimson_planks":72,"minecraft:light_gray_wool":1,"minecraft:beef":2,"minecraft:furnace":6,"minecraft:egg":1,"minecraft:cobbled_deepslate":6,"minecraft:iron_leggings":1,"minecraft:diorite":13,"minecraft:spruce_door":1,"minecraft:stone_pickaxe":289,"minecraft:wooden_pickaxe":15,"minecraft:rail":1,"minecraft:crafting_table":8,"minecraft:white_bed":2,"minecraft:diamond_pickaxe":4,"minecraft:bread":17,"minecraft:iron_pickaxe":128,"minecraft:stone_axe":212,"minecraft:nether_wart_block":1,"minecraft:cobblestone":51,"minecraft:cooked_porkchop":13,"minecraft:porkchop":2},"minecraft:broken":{"minecraft:iron_shovel":1,"minecraft:stone_pickaxe":1,"minecraft:stone_axe":1,"minecraft:stone_shovel":1},"minecraft:crafted":{"minecraft:stone_shovel":2,"minecraft:cooked_chicken":2,"minecraft:furnace":3,"minecraft:lever":18,"minecraft:bookshelf":1,"minecraft:spruce_stairs":36,"minecraft:iron_axe":1,"minecraft:spruce_slab":84,"minecraft:stone_pickaxe":3,"minecraft:crimson_planks":72,"minecraft:cooked_porkchop":6,"minecraft:crafting_table":4,"minecraft:enchanting_table":1,"minecraft:spruce_planks":320,"minecraft:wooden_pickaxe":2,"minecraft:iron_helmet":1,"minecraft:iron_sword":1,"minecraft:spruce_door":3,"minecraft:stone_axe":2,"minecraft:air":0,"minecraft:book":4,"minecraft:paper":30,"minecraft:diamond_pickaxe":1,"minecraft:iron_chestplate":1,"minecraft:stick":116,"minecraft:iron_ingot":44,"minecraft:iron_pickaxe":1,"minecraft:iron_shovel":1,"minecraft:iron_leggings":2,"minecraft:torch":96}},"DataVersion":2975}