{"stats":{"minecraft:picked_up":{"minecraft:crafting_table":3,"minecraft:feather":1,"minecraft:chicken":2,"minecraft:leather":5,"minecraft:shield":1,"minecraft:dirt":96,"minecraft:string":7,"minecraft:spruce_planks":26,"minecraft:beef":6,"minecraft:spruce_slab":25,"minecraft:sugar_cane":21,"minecraft:iron_boots":1,"minecraft:furnace":2,"minecraft:torch":3,"minecraft:spruce_stairs":25,"minecraft:porkchop":6,"minecraft:white_bed":1,"minecraft:diorite":8,"minecraft:spruce_log":64,"minecraft:rotten_flesh":4,"minecraft:mutton":2,"minecraft:coal":55,"minecraft:snowball":34,"minecraft:white_wool":4,"minecraft:cobblestone":85},"minecraft:killed":{"minecraft:pig":4,"minecraft:spider":4,"minecraft:sheep":2,"minecraft:zombie":3,"minecraft:chicken":2,"minecraft:cow":4},"minecraft:mined":{"minecraft:spruce_planks":27,"minecraft:white_bed":1,"minecraft:crafting_table":3,"minecraft:grass_block":69,"minecraft:spruce_leaves":29,"minecraft:sugar_cane":5,"minecraft:diorite":8,"minecraft:wall_torch":1,"minecraft:large_fern":4,"minecraft:spruce_stairs":25,"minecraft:furnace":2,"minecraft:snow":40,"minecraft:spruce_log":65,"minecraft:grass":3,"minecraft:coal_ore":28,"minecraft:dirt":31,"minecraft:stone":85,"minecraft:white_wool":1,"minecraft:spruce_slab":21},"minecraft:custom":{"minecraft:interact_with_furnace":28,"minecraft:mob_kills":19,"minecraft:interact_with_crafting_table":20,"minecraft:time_since_death":41550,"minecraft:time_since_rest":41550,"minecraft:sprint_one_cm":131533,"minecraft:damage_taken":307,"minecraft:walk_one_cm":56122,"minecraft:drop":1,"minecraft:damage_dealt":2276,"minecraft:swim_one_cm":3206,"minecraft:fly_one_cm":271142,"minecraft:crouch_one_cm":25300,"minecraft:play_time":41550,"minecraft:sneak_time":7765,"minecraft:walk_under_water_one_cm":3728,"minecraft:boat_one_cm":22084,"minecraft:jump":1038,"minecraft:walk_on_water_one_cm":1135,"minecraft:total_world_time":41550,"minecraft:fall_one_cm":23423},"minecraft:dropped":{"minecraft:spruce_planks":16},"minecraft:used":{"minecraft:diorite":3,"minecraft:spruce_door":1,"minecraft:stone_pickaxe":118,"minecraft:stone_shovel":131,"minecraft:spruce_slab":79,"minecraft:spruce_planks":87,"minecraft:wooden_pickaxe":11,"minecraft:cooked_chicken":2,"minecraft:torch":5,"minecraft:dirt":8,"minecraft:crafting_table":4,"minecraft:spruce_stairs":31,"minecraft:white_bed":1,"minecraft:snowball":9,"minecraft:stone_axe":175,"minecraft:beef":2,"minecraft:furnace":3,"minecraft:cooked_porkchop":4},"minecraft:broken":{"minecraft:stone_axe":1,"minecraft:stone_shovel":1},"minecraft:crafted":{"minecraft:stone_shovel":2,"minecraft:cooked_porkchop":6,"minecraft:crafting_table":1,"minecraft:spruce_planks":236,"minecraft:cooked_chicken":2,"minecraft:wooden_pickaxe":1,"minecraft:spruce_door":3,"minecraft:furnace":1,"minecraft:stone_axe":2,"minecraft:air":0,"minecraft:spruce_stairs":32,"minecraft:iron_chestplate":1,"minecraft:spruce_slab":78,"minecraft:stick":16,"minecraft:iron_ingot":18,"minecraft:stone_pickaxe":1,"minecraft:iron_leggings":1,"minecraft:torch":16}},"DataVersion":2975}