{"stats":{"minecraft:picked_up":{"minecraft:crafting_table":4,"minecraft:feather":1,"minecraft:chicken":2,"minecraft:crimson_stem":18,"minecraft:leather":6,"minecraft:nether_wart_block":1,"minecraft:shield":1,"minecraft:dirt":98,"minecraft:string":9,"minecraft:spruce_planks":26,"minecraft:beef":6,"minecraft:spruce_slab":25,"minecraft:sugar_cane":33,"minecraft:iron_boots":1,"minecraft:furnace":2,"minecraft:quartz":92,"minecraft:torch":3,"minecraft:spruce_stairs":25,"minecraft:porkchop":12,"minecraft:white_bed":1,"minecraft:diorite":8,"minecraft:spruce_log":64,"minecraft:rotten_flesh":4,"minecraft:netherrack":12,"minecraft:mutton":2,"minecraft:coal":55,"minecraft:snowball":34,"minecraft:white_wool":4,"minecraft:cobblestone":85},"minecraft:killed_by":{"minecraft:piglin":1},"minecraft:killed":{"minecraft:pig":4,"minecraft:spider":5,"minecraft:hoglin":3,"minecraft:sheep":2,"minecraft:zombie":3,"minecraft:chicken":2,"minecraft:cow":4},"minecraft:mined":{"minecraft:spruce_planks":27,"minecraft:white_bed":1,"minecraft:crimson_nylium":1,"minecraft:crafting_table":4,"minecraft:grass_block":69,"minecraft:nether_quartz_ore":95,"minecraft:spruce_leaves":29,"minecraft:sugar_cane":9,"minecraft:diorite":8,"minecraft:wall_torch":1,"minecraft:crimson_stem":18,"minecraft:large_fern":4,"minecraft:spruce_stairs":25,"minecraft:furnace":2,"minecraft:nether_wart_block":1,"minecraft:snow":40,"minecraft:spruce_log":65,"minecraft:grass":3,"minecraft:coal_ore":28,"minecraft:dirt":34,"minecraft:stone":85,"minecraft:netherrack":13,"minecraft:white_wool":1,"minecraft:spruce_slab":21},"minecraft:custom":{"minecraft:interact_with_furnace":30,"minecraft:mob_kills":23,"minecraft:interact_with_crafting_table":23,"minecraft:time_since_death":4280,"minecraft:climb_one_cm":47,"minecraft:time_since_rest":4310,"minecraft:sprint_one_cm":180570,"minecraft:damage_taken":650,"minecraft:walk_one_cm":68347,"minecraft:drop":1,"minecraft:damage_dealt":3635,"minecraft:swim_one_cm":3206,"minecraft:fly_one_cm":407595,"minecraft:crouch_one_cm":43528,"minecraft:play_time":59550,"minecraft:deaths":1,"minecraft:sneak_time":14465,"minecraft:walk_under_water_one_cm":3728,"minecraft:boat_one_cm":22084,"minecraft:jump":1512,"minecraft:walk_on_water_one_cm":1187,"minecraft:total_world_time":59550,"minecraft:fall_one_cm":34757},"minecraft:dropped":{"minecraft:spruce_planks":16},"minecraft:used":{"minecraft:diorite":3,"minecraft:spruce_door":1,"minecraft:stone_pickaxe":227,"minecraft:stone_shovel":131,"minecraft:spruce_slab":79,"minecraft:spruce_planks":87,"minecraft:wooden_pickaxe":11,"minecraft:cooked_chicken":2,"minecraft:netherrack":4,"minecraft:torch":5,"minecraft:dirt":98,"minecraft:crafting_table":5,"minecraft:spruce_stairs":31,"minecraft:white_bed":1,"minecraft:snowball":9,"minecraft:crimson_planks":72,"minecraft:stone_axe":212,"minecraft:nether_wart_block":1,"minecraft:beef":2,"minecraft:porkchop":2,"minecraft:furnace":3,"minecraft:cooked_porkchop":6},"minecraft:broken":{"minecraft:stone_pickaxe":1,"minecraft:stone_axe":1,"minecraft:stone_shovel":1},"minecraft:crafted":{"minecraft:crimson_planks":72,"minecraft:stone_shovel":2,"minecraft:cooked_porkchop":6,"minecraft:crafting_table":2,"minecraft:spruce_planks":236,"minecraft:iron_helmet":1,"minecraft:cooked_chicken":2,"minecraft:wooden_pickaxe":1,"minecraft:spruce_door":3,"minecraft:furnace":1,"minecraft:stone_axe":2,"minecraft:air":0,"minecraft:spruce_stairs":32,"minecraft:iron_chestplate":1,"minecraft:spruce_slab":78,"minecraft:stick":20,"minecraft:iron_ingot":20,"minecraft:stone_pickaxe":2,"minecraft:iron_leggings":1,"minecraft:torch":16}},"DataVersion":2975}