{"stats":{"minecraft:picked_up":{"minecraft:stick":3,"minecraft:spruce_log":7,"minecraft:sugar_cane":7,"minecraft:rabbit_foot":1},"minecraft:killed_by":{"minecraft:player":2},"minecraft:killed":{"minecraft:rabbit":1},"minecraft:mined":{"minecraft:grass":2,"minecraft:spruce_leaves":4,"minecraft:spruce_log":6,"minecraft:sugar_cane":1},"minecraft:custom":{"minecraft:time_since_rest":2296,"minecraft:crouch_one_cm":423,"minecraft:play_time":5386,"minecraft:sprint_one_cm":48747,"minecraft:walk_one_cm":8497,"minecraft:damage_taken":535,"minecraft:deaths":2,"minecraft:sneak_time":381,"minecraft:mob_kills":1,"minecraft:jump":242,"minecraft:damage_dealt":194,"minecraft:time_since_death":2268,"minecraft:total_world_time":5386,"minecraft:fall_one_cm":4655,"minecraft:fly_one_cm":77225},"minecraft:crafted":{"minecraft:spruce_planks":20}},"DataVersion":2975}