{"stats":{"minecraft:picked_up":{"minecraft:stick":3,"minecraft:crafting_table":2,"minecraft:leather":6,"minecraft:porkchop":11,"minecraft:spruce_sapling":3,"minecraft:spruce_log":34,"minecraft:spider_eye":1,"minecraft:string":2,"minecraft:dirt":14,"minecraft:rabbit_foot":1,"minecraft:spruce_planks":9,"minecraft:beef":11,"minecraft:spruce_slab":2,"minecraft:sugar_cane":20,"minecraft:mutton":1,"minecraft:snowball":5,"minecraft:white_wool":1},"minecraft:killed_by":{"minecraft:player":2},"minecraft:mined":{"minecraft:spruce_planks":7,"minecraft:spruce_log":33,"minecraft:crafting_table":2,"minecraft:grass":3,"minecraft:grass_block":14,"minecraft:spruce_leaves":35,"minecraft:sugar_cane":7,"minecraft:spruce_slab":2},"minecraft:killed":{"minecraft:sheep":2,"minecraft:zombie":1,"minecraft:pig":5,"minecraft:spider":1,"minecraft:rabbit":1,"minecraft:cow":5},"minecraft:custom":{"minecraft:time_since_rest":26296,"minecraft:interact_with_furnace":1,"minecraft:sprint_one_cm":125322,"minecraft:damage_taken":1015,"minecraft:walk_one_cm":104339,"minecraft:mob_kills":15,"minecraft:damage_dealt":1706,"minecraft:interact_with_crafting_table":6,"minecraft:swim_one_cm":13403,"minecraft:fly_one_cm":141173,"minecraft:crouch_one_cm":5287,"minecraft:play_time":29386,"minecraft:deaths":2,"minecraft:sneak_time":2371,"minecraft:walk_under_water_one_cm":937,"minecraft:jump":864,"minecraft:time_since_death":26268,"minecraft:walk_on_water_one_cm":8710,"minecraft:total_world_time":29386,"minecraft:fall_one_cm":16286},"minecraft:used":{"minecraft:wooden_axe":145,"minecraft:spruce_slab":23,"minecraft:spruce_planks":91,"minecraft:spruce_sapling":3,"minecraft:mutton":1,"minecraft:beef":11,"minecraft:crafting_table":3,"minecraft:porkchop":9,"minecraft:snowball":5},"minecraft:broken":{"minecraft:wooden_axe":4},"minecraft:crafted":{"minecraft:cooked_beef":4,"minecraft:crafting_table":1,"minecraft:spruce_slab":42,"minecraft:spruce_planks":128,"minecraft:stick":8,"minecraft:wooden_axe":4,"minecraft:air":0}},"DataVersion":2975}