{"stats":{"minecraft:picked_up":{"minecraft:iron_chestplate":1,"minecraft:crafting_table":2,"minecraft:wheat":1,"minecraft:leather":6,"minecraft:shield":1,"minecraft:dirt":291,"minecraft:string":2,"minecraft:bone":1,"minecraft:wheat_seeds":8,"minecraft:spruce_planks":37,"minecraft:beef":11,"minecraft:spruce_slab":19,"minecraft:sugar_cane":32,"minecraft:iron_boots":2,"minecraft:stick":4,"minecraft:spruce_stairs":5,"minecraft:porkchop":11,"minecraft:spruce_sapling":3,"minecraft:white_bed":1,"minecraft:spruce_log":34,"minecraft:spider_eye":1,"minecraft:rabbit_foot":1,"minecraft:arrow":2,"minecraft:rotten_flesh":3,"minecraft:iron_helmet":1,"minecraft:crimson_roots":2,"minecraft:mutton":1,"minecraft:snowball":70,"minecraft:white_wool":1},"minecraft:killed_by":{"minecraft:player":2},"minecraft:killed":{"minecraft:piglin":2,"minecraft:pig":5,"minecraft:zombie_villager":1,"minecraft:rabbit":1,"minecraft:spider":1,"minecraft:sheep":2,"minecraft:zombie":3,"minecraft:stray":1,"minecraft:cow":5},"minecraft:mined":{"minecraft:spruce_planks":20,"minecraft:farmland":1,"minecraft:crafting_table":2,"minecraft:grass_block":234,"minecraft:crimson_roots":1,"minecraft:spruce_leaves":35,"minecraft:sugar_cane":7,"minecraft:spruce_stairs":5,"minecraft:wheat":1,"minecraft:snow":63,"minecraft:spruce_log":33,"minecraft:grass":5,"minecraft:dirt":49,"minecraft:spruce_slab":14},"minecraft:custom":{"minecraft:interact_with_furnace":7,"minecraft:mob_kills":22,"minecraft:interact_with_crafting_table":18,"minecraft:time_since_death":68268,"minecraft:sleep_in_bed":3,"minecraft:time_since_rest":540,"minecraft:sprint_one_cm":173414,"minecraft:damage_taken":1486,"minecraft:walk_one_cm":223636,"minecraft:damage_blocked_by_shield":690,"minecraft:drop":16,"minecraft:damage_dealt":2981,"minecraft:player_kills":1,"minecraft:fly_one_cm":182066,"minecraft:swim_one_cm":13403,"minecraft:open_chest":9,"minecraft:crouch_one_cm":34483,"minecraft:play_time":71386,"minecraft:deaths":2,"minecraft:sneak_time":10650,"minecraft:walk_under_water_one_cm":937,"minecraft:jump":1340,"minecraft:walk_on_water_one_cm":10923,"minecraft:total_world_time":71386,"minecraft:fall_one_cm":24922},"minecraft:dropped":{"minecraft:wheat_seeds":3,"minecraft:iron_helmet":1,"minecraft:iron_boots":2,"minecraft:leather":6,"minecraft:stick":1,"minecraft:dirt":200,"minecraft:shield":1,"minecraft:iron_chestplate":1,"minecraft:crimson_roots":2,"minecraft:wooden_axe":1,"minecraft:spider_eye":1,"minecraft:string":2},"minecraft:used":{"minecraft:cooked_mutton":1,"minecraft:wheat_seeds":3,"minecraft:iron_shovel":251,"minecraft:spruce_slab":73,"minecraft:chest":1,"minecraft:shield":18,"minecraft:spruce_planks":97,"minecraft:iron_sword":80,"minecraft:rotten_flesh":3,"minecraft:white_wool":1,"minecraft:dirt":84,"minecraft:mutton":1,"minecraft:crafting_table":3,"minecraft:spruce_stairs":5,"minecraft:white_bed":1,"minecraft:snowball":5,"minecraft:wooden_axe":169,"minecraft:iron_helmet":1,"minecraft:iron_boots":1,"minecraft:spruce_sapling":3,"minecraft:beef":11,"minecraft:porkchop":11,"minecraft:cooked_beef":4,"minecraft:bone_meal":3,"minecraft:iron_leggings":1},"minecraft:broken":{"minecraft:iron_shovel":1,"minecraft:wooden_axe":4},"minecraft:crafted":{"minecraft:cooked_beef":4,"minecraft:crafting_table":1,"minecraft:spruce_planks":128,"minecraft:iron_helmet":1,"minecraft:iron_sword":1,"minecraft:bone_meal":3,"minecraft:cooked_mutton":1,"minecraft:air":0,"minecraft:iron_boots":1,"minecraft:iron_chestplate":1,"minecraft:shield":1,"minecraft:spruce_slab":54,"minecraft:stick":16,"minecraft:iron_ingot":31,"minecraft:wooden_axe":5,"minecraft:chest":1,"minecraft:iron_shovel":1,"minecraft:iron_leggings":1}},"DataVersion":2975}