{"stats":{"minecraft:picked_up":{"minecraft:crafting_table":2,"minecraft:stick":3,"minecraft:leather":6,"minecraft:beef":11,"minecraft:porkchop":8,"minecraft:spruce_sapling":1,"minecraft:spruce_log":22,"minecraft:sugar_cane":20,"minecraft:rabbit_foot":1},"minecraft:killed_by":{"minecraft:player":2},"minecraft:mined":{"minecraft:grass":2,"minecraft:spruce_leaves":19,"minecraft:spruce_log":21,"minecraft:sugar_cane":7,"minecraft:crafting_table":2},"minecraft:killed":{"minecraft:sheep":1,"minecraft:rabbit":1,"minecraft:pig":4,"minecraft:cow":5},"minecraft:custom":{"minecraft:time_since_rest":14296,"minecraft:crouch_one_cm":1235,"minecraft:play_time":17386,"minecraft:sprint_one_cm":99902,"minecraft:walk_one_cm":54625,"minecraft:damage_taken":865,"minecraft:deaths":2,"minecraft:sneak_time":755,"minecraft:walk_under_water_one_cm":937,"minecraft:mob_kills":11,"minecraft:jump":651,"minecraft:damage_dealt":1171,"minecraft:walk_on_water_one_cm":8710,"minecraft:time_since_death":14268,"minecraft:total_world_time":17386,"minecraft:swim_one_cm":13403,"minecraft:interact_with_crafting_table":3,"minecraft:fall_one_cm":12778,"minecraft:fly_one_cm":123925},"minecraft:used":{"minecraft:wooden_axe":83,"minecraft:beef":7,"minecraft:crafting_table":3,"minecraft:porkchop":8,"minecraft:spruce_sapling":1},"minecraft:broken":{"minecraft:wooden_axe":2},"minecraft:crafted":{"minecraft:crafting_table":1,"minecraft:spruce_planks":80,"minecraft:stick":8,"minecraft:wooden_axe":4}},"DataVersion":2975}