{"stats":{"minecraft:picked_up":{"minecraft:stick":3,"minecraft:crafting_table":2,"minecraft:leather":6,"minecraft:spruce_stairs":5,"minecraft:porkchop":11,"minecraft:spruce_sapling":3,"minecraft:white_bed":1,"minecraft:spruce_log":34,"minecraft:spider_eye":1,"minecraft:string":2,"minecraft:dirt":200,"minecraft:rabbit_foot":1,"minecraft:wheat_seeds":3,"minecraft:spruce_planks":37,"minecraft:beef":11,"minecraft:spruce_slab":19,"minecraft:sugar_cane":20,"minecraft:mutton":1,"minecraft:snowball":69,"minecraft:white_wool":1},"minecraft:killed_by":{"minecraft:player":2},"minecraft:killed":{"minecraft:sheep":2,"minecraft:zombie":1,"minecraft:pig":5,"minecraft:spider":1,"minecraft:rabbit":1,"minecraft:cow":5},"minecraft:mined":{"minecraft:spruce_stairs":5,"minecraft:spruce_planks":20,"minecraft:snow":63,"minecraft:spruce_log":33,"minecraft:crafting_table":2,"minecraft:grass":4,"minecraft:grass_block":152,"minecraft:dirt":41,"minecraft:spruce_leaves":35,"minecraft:sugar_cane":7,"minecraft:spruce_slab":14},"minecraft:custom":{"minecraft:time_since_rest":856,"minecraft:interact_with_furnace":4,"minecraft:sprint_one_cm":136786,"minecraft:damage_taken":1095,"minecraft:walk_one_cm":145505,"minecraft:mob_kills":15,"minecraft:drop":10,"minecraft:damage_dealt":1706,"minecraft:interact_with_crafting_table":12,"minecraft:swim_one_cm":13403,"minecraft:fly_one_cm":143447,"minecraft:crouch_one_cm":21153,"minecraft:play_time":41386,"minecraft:deaths":2,"minecraft:sneak_time":6738,"minecraft:walk_under_water_one_cm":937,"minecraft:jump":964,"minecraft:time_since_death":38268,"minecraft:walk_on_water_one_cm":8710,"minecraft:sleep_in_bed":2,"minecraft:total_world_time":41386,"minecraft:fall_one_cm":17191},"minecraft:dropped":{"minecraft:dirt":200,"minecraft:wheat_seeds":3,"minecraft:wooden_axe":1,"minecraft:spider_eye":1,"minecraft:leather":6,"minecraft:string":2,"minecraft:stick":1},"minecraft:used":{"minecraft:wooden_axe":169,"minecraft:iron_shovel":243,"minecraft:spruce_slab":73,"minecraft:spruce_planks":97,"minecraft:spruce_sapling":3,"minecraft:white_wool":1,"minecraft:mutton":1,"minecraft:beef":11,"minecraft:crafting_table":3,"minecraft:porkchop":11,"minecraft:spruce_stairs":5,"minecraft:white_bed":1,"minecraft:cooked_beef":2,"minecraft:snowball":5},"minecraft:broken":{"minecraft:wooden_axe":4},"minecraft:crafted":{"minecraft:cooked_beef":4,"minecraft:iron_chestplate":1,"minecraft:crafting_table":1,"minecraft:spruce_slab":54,"minecraft:spruce_planks":128,"minecraft:stick":12,"minecraft:iron_ingot":12,"minecraft:wooden_axe":5,"minecraft:iron_shovel":1,"minecraft:air":0}},"DataVersion":2975}