{
  "minecraft:recipes/transportation/acacia_boat": {
    "criteria": {
      "in_water": "2024-07-21 19:43:35 +0000"
    },
    "done": true
  },
  "minecraft:recipes/transportation/oak_boat": {
    "criteria": {
      "in_water": "2024-07-21 19:43:35 +0000"
    },
    "done": true
  },
  "minecraft:recipes/transportation/dark_oak_boat": {
    "criteria": {
      "in_water": "2024-07-21 19:43:35 +0000"
    },
    "done": true
  },
  "minecraft:recipes/transportation/birch_boat": {
    "criteria": {
      "in_water": "2024-07-21 19:43:35 +0000"
    },
    "done": true
  },
  "minecraft:recipes/transportation/jungle_boat": {
    "criteria": {
      "in_water": "2024-07-21 19:43:35 +0000"
    },
    "done": true
  },
  "minecraft:recipes/transportation/spruce_boat": {
    "criteria": {
      "in_water": "2024-07-21 19:43:35 +0000"
    },
    "done": true
  },
  "minecraft:recipes/misc/paper": {
    "criteria": {
      "has_reeds": "2024-07-21 19:45:59 +0000"
    },
    "done": true
  },
  "minecraft:adventure/adventuring_time": {
    "criteria": {
      "minecraft:frozen_river": "2024-07-21 19:43:23 +0000",
      "minecraft:windswept_hills": "2024-07-21 19:47:18 +0000",
      "minecraft:beach": "2024-07-21 19:45:40 +0000",
      "minecraft:river": "2024-07-21 19:46:11 +0000",
      "minecraft:cold_ocean": "2024-07-21 19:45:12 +0000",
      "minecraft:ice_spikes": "2024-07-21 19:42:19 +0000",
      "minecraft:frozen_ocean": "2024-07-21 19:43:29 +0000",
      "minecraft:snowy_beach": "2024-07-21 19:43:04 +0000"
    },
    "done": false
  },
  "minecraft:recipes/misc/sugar_from_sugar_cane": {
    "criteria": {
      "has_sugar_cane": "2024-07-21 19:45:59 +0000"
    },
    "done": true
  },
  "DataVersion": 2975
}